drug_id,cell_line,gene_symbol,log2fc,pvalue
Aspirin,HeLa,TP53,0.745,0.129182
Aspirin,MCF7,TP53,-0.207,0.116147
Aspirin,A549,TP53,-0.351,0.011853
Aspirin,PC3,TP53,-0.351,0.163627
Aspirin,HCT116,TP53,2.369,0.003165
Aspirin,SW480,TP53,1.151,0.158278
Aspirin,PANC1,TP53,-0.704,0.032994
Aspirin,U87MG,TP53,0.814,0.032615
Aspirin,HeLa,BRCA1,0.363,0.081907
Aspirin,MCF7,BRCA1,-2.87,0.031883
Aspirin,A549,BRCA1,-1.519,0.044762
Aspirin,PC3,BRCA1,0.471,0.068332
Aspirin,HCT116,BRCA1,2.198,0.026406
Aspirin,SW480,BRCA1,-0.339,0.097733
Aspirin,PANC1,BRCA1,-0.817,0.105975
Aspirin,U87MG,BRCA1,0.166,0.034004
Aspirin,HeLa,BRCA2,-0.901,0.11739
Aspirin,MCF7,BRCA2,-0.438,0.082388
Aspirin,A549,BRCA2,-0.02,0.007818
Aspirin,PC3,BRCA2,-1.587,0.135765
Aspirin,HCT116,BRCA2,1.234,0.050588
Aspirin,SW480,BRCA2,-1.831,0.073877
Aspirin,PANC1,BRCA2,-1.992,0.132124
Aspirin,U87MG,BRCA2,0.295,0.147916
Aspirin,HeLa,MYC,1.108,0.015312
Aspirin,MCF7,MYC,0.257,0.038355
Aspirin,A549,MYC,-0.173,0.076172
Aspirin,PC3,MYC,-0.452,0.051024
Aspirin,HCT116,MYC,-0.691,0.050615
Aspirin,SW480,MYC,1.586,0.081343
Aspirin,PANC1,MYC,0.486,0.014604
Aspirin,U87MG,MYC,-0.578,0.179148
Aspirin,HeLa,EGFR,-1.015,0.001758
Aspirin,MCF7,EGFR,0.918,0.139307
Aspirin,A549,EGFR,1.546,0.116258
Aspirin,PC3,EGFR,1.397,0.012218
Aspirin,HCT116,EGFR,-1.259,0.137962
Aspirin,SW480,EGFR,-0.464,0.115757
Aspirin,PANC1,EGFR,-0.719,0.055654
Aspirin,U87MG,EGFR,-0.278,0.062783
Aspirin,HeLa,CCND1,1.219,0.142931
Aspirin,MCF7,CCND1,2.034,0.064058
Aspirin,A549,CCND1,0.542,0.139169
Aspirin,PC3,CCND1,-0.968,0.095246
Aspirin,HCT116,CCND1,-0.054,0.104121
Aspirin,SW480,CCND1,2.347,0.053756
Aspirin,PANC1,CCND1,0.131,0.062229
Aspirin,U87MG,CCND1,-0.449,0.094871
Aspirin,HeLa,RB1,-0.33,0.078308
Aspirin,MCF7,RB1,0.536,0.138383
Aspirin,A549,RB1,-1.213,0.149917
Aspirin,PC3,RB1,-0.753,0.14233
Aspirin,HCT116,RB1,1.373,0.125575
Aspirin,SW480,RB1,0.493,0.035119
Aspirin,PANC1,RB1,0.146,0.157914
Aspirin,U87MG,RB1,1.453,0.137634
Aspirin,HeLa,PTEN,-1.053,0.038548
Aspirin,MCF7,PTEN,-0.491,0.079232
Aspirin,A549,PTEN,0.444,0.002214
Aspirin,PC3,PTEN,0.392,0.096208
Aspirin,HCT116,PTEN,-2.123,0.016411
Aspirin,SW480,PTEN,-0.631,0.061302
Aspirin,PANC1,PTEN,-0.242,0.100204
Aspirin,U87MG,PTEN,0.606,0.127237
Aspirin,HeLa,AKT1,0.386,0.180627
Aspirin,MCF7,AKT1,-0.112,0.050192
Aspirin,A549,AKT1,-2.878,0.03112
Aspirin,PC3,AKT1,-0.04,0.008287
Aspirin,HCT116,AKT1,0.09,0.011082
Aspirin,SW480,AKT1,3.695,0.023078
Aspirin,PANC1,AKT1,-0.289,0.028457
Aspirin,U87MG,AKT1,0.452,0.09128
Aspirin,HeLa,PIK3CA,1.714,0.035045
Aspirin,MCF7,PIK3CA,1.128,0.119583
Aspirin,A549,PIK3CA,2.104,0.084291
Aspirin,PC3,PIK3CA,-2.103,0.071411
Aspirin,HCT116,PIK3CA,-1.486,0.006948
Aspirin,SW480,PIK3CA,-0.849,0.10247
Aspirin,PANC1,PIK3CA,-2.326,0.081236
Aspirin,U87MG,PIK3CA,0.103,0.035111
Aspirin,HeLa,KRAS,-1.379,0.146055
Aspirin,MCF7,KRAS,2.325,0.017815
Aspirin,A549,KRAS,-1.175,0.150235
Aspirin,PC3,KRAS,-0.483,0.162018
Aspirin,HCT116,KRAS,1.22,0.13168
Aspirin,SW480,KRAS,-1.846,0.078551
Aspirin,PANC1,KRAS,-2.411,0.011994
Aspirin,U87MG,KRAS,0.277,0.17159
Aspirin,HeLa,BRAF,0.39,0.064197
Aspirin,MCF7,BRAF,1.173,0.057266
Aspirin,A549,BRAF,0.783,0.155292
Aspirin,PC3,BRAF,0.445,0.145062
Aspirin,HCT116,BRAF,-1.02,0.027752
Aspirin,SW480,BRAF,0.348,0.169789
Aspirin,PANC1,BRAF,0.44,0.001866
Aspirin,U87MG,BRAF,-1.072,0.027343
Aspirin,HeLa,MDM2,2.799,0.072197
Aspirin,MCF7,MDM2,0.711,0.040441
Aspirin,A549,MDM2,-1.462,0.050373
Aspirin,PC3,MDM2,1.181,0.121301
Aspirin,HCT116,MDM2,1.445,0.101376
Aspirin,SW480,MDM2,0.619,0.10279
Aspirin,PANC1,MDM2,-0.368,0.050608
Aspirin,U87MG,MDM2,-1.131,0.04059
Aspirin,HeLa,CDKN2A,-0.116,0.175214
Aspirin,MCF7,CDKN2A,0.512,0.116231
Aspirin,A549,CDKN2A,0.02,0.115443
Aspirin,PC3,CDKN2A,2.18,0.064471
Aspirin,HCT116,CDKN2A,0.939,0.048334
Aspirin,SW480,CDKN2A,-1.286,0.004638
Aspirin,PANC1,CDKN2A,-1.606,0.139794
Aspirin,U87MG,CDKN2A,0.724,0.168735
Aspirin,HeLa,ATM,-0.335,0.003857
Aspirin,MCF7,ATM,1.071,0.153908
Aspirin,A549,ATM,0.71,0.170867
Aspirin,PC3,ATM,-0.109,0.167764
Aspirin,HCT116,ATM,-1.27,0.135751
Aspirin,SW480,ATM,-2.272,0.040775
Aspirin,PANC1,ATM,0.321,0.177671
Aspirin,U87MG,ATM,-1.869,0.0978
Metformin,HeLa,TP53,-1.326,0.097213
Metformin,MCF7,TP53,0.231,0.190715
Metformin,A549,TP53,0.087,0.173144
Metformin,PC3,TP53,-1.714,0.107701
Metformin,HCT116,TP53,1.625,0.053684
Metformin,SW480,TP53,1.581,0.044396
Metformin,PANC1,TP53,0.773,0.152095
Metformin,U87MG,TP53,0.771,0.160202
Metformin,HeLa,BRCA1,0.773,0.1401
Metformin,MCF7,BRCA1,5.0,0.026069
Metformin,A549,BRCA1,1.431,0.137331
Metformin,PC3,BRCA1,0.977,0.05759
Metformin,HCT116,BRCA1,-1.159,0.094548
Metformin,SW480,BRCA1,-0.355,0.007689
Metformin,PANC1,BRCA1,3.472,0.02579
Metformin,U87MG,BRCA1,-2.801,0.065437
Metformin,HeLa,BRCA2,-0.708,0.023308
Metformin,MCF7,BRCA2,1.633,0.077504
Metformin,A549,BRCA2,-1.073,0.103504
Metformin,PC3,BRCA2,1.019,0.015051
Metformin,HCT116,BRCA2,0.068,0.107399
Metformin,SW480,BRCA2,-0.977,0.107855
Metformin,PANC1,BRCA2,-3.038,0.081845
Metformin,U87MG,BRCA2,0.28,0.052439
Metformin,HeLa,MYC,-1.189,0.004895
Metformin,MCF7,MYC,-0.172,0.187264
Metformin,A549,MYC,0.757,0.072397
Metformin,PC3,MYC,1.299,0.028112
Metformin,HCT116,MYC,-0.712,0.097724
Metformin,SW480,MYC,-0.98,0.12075
Metformin,PANC1,MYC,-1.891,0.133214
Metformin,U87MG,MYC,1.377,0.115274
Metformin,HeLa,EGFR,3.183,0.041463
Metformin,MCF7,EGFR,1.549,0.037835
Metformin,A549,EGFR,1.9,0.002689
Metformin,PC3,EGFR,-1.062,0.020006
Metformin,HCT116,EGFR,0.666,0.085203
Metformin,SW480,EGFR,1.162,0.016664
Metformin,PANC1,EGFR,-4.862,0.007877
Metformin,U87MG,EGFR,-1.537,0.065865
Metformin,HeLa,CCND1,2.449,0.077477
Metformin,MCF7,CCND1,-2.145,0.006578
Metformin,A549,CCND1,2.162,0.066145
Metformin,PC3,CCND1,-2.154,0.112362
Metformin,HCT116,CCND1,-1.472,0.0115
Metformin,SW480,CCND1,0.693,0.114552
Metformin,PANC1,CCND1,0.105,0.184955
Metformin,U87MG,CCND1,-0.578,0.104837
Metformin,HeLa,RB1,2.379,0.0571
Metformin,MCF7,RB1,-1.857,0.077025
Metformin,A549,RB1,-0.228,0.185273
Metformin,PC3,RB1,0.882,0.155585
Metformin,HCT116,RB1,0.421,0.014144
Metformin,SW480,RB1,-0.934,0.05484
Metformin,PANC1,RB1,-0.884,0.021047
Metformin,U87MG,RB1,1.274,0.111175
Metformin,HeLa,PTEN,1.349,0.115481
Metformin,MCF7,PTEN,0.461,0.149027
Metformin,A549,PTEN,-1.243,0.120454
Metformin,PC3,PTEN,-0.84,0.139839
Metformin,HCT116,PTEN,-0.031,0.074655
Metformin,SW480,PTEN,0.176,0.151127
Metformin,PANC1,PTEN,0.821,0.149263
Metformin,U87MG,PTEN,-0.303,0.082179
Metformin,HeLa,AKT1,1.238,0.017258
Metformin,MCF7,AKT1,1.22,0.145346
Metformin,A549,AKT1,1.958,0.044422
Metformin,PC3,AKT1,0.032,0.178306
Metformin,HCT116,AKT1,0.486,0.175376
Metformin,SW480,AKT1,-0.195,0.111519
Metformin,PANC1,AKT1,-1.227,0.047694
Metformin,U87MG,AKT1,3.139,0.033058
Metformin,HeLa,PIK3CA,1.737,0.114463
Metformin,MCF7,PIK3CA,1.187,0.128089
Metformin,A549,PIK3CA,-0.018,0.012418
Metformin,PC3,PIK3CA,-1.346,0.086592
Metformin,HCT116,PIK3CA,1.463,0.054255
Metformin,SW480,PIK3CA,-0.221,0.023439
Metformin,PANC1,PIK3CA,0.619,0.111734
Metformin,U87MG,PIK3CA,-0.846,0.018266
Metformin,HeLa,KRAS,0.367,0.01457
Metformin,MCF7,KRAS,-0.76,0.14453
Metformin,A549,KRAS,-0.707,0.015861
Metformin,PC3,KRAS,0.348,0.186351
Metformin,HCT116,KRAS,-2.172,0.106186
Metformin,SW480,KRAS,-2.111,0.12549
Metformin,PANC1,KRAS,-1.078,0.128814
Metformin,U87MG,KRAS,-0.32,0.106379
Metformin,HeLa,BRAF,1.286,0.018368
Metformin,MCF7,BRAF,-0.24,0.095231
Metformin,A549,BRAF,-0.028,0.01215
Metformin,PC3,BRAF,-0.433,0.022937
Metformin,HCT116,BRAF,0.484,0.137887
Metformin,SW480,BRAF,-1.241,0.093844
Metformin,PANC1,BRAF,-0.163,0.056347
Metformin,U87MG,BRAF,0.603,0.15709
Metformin,HeLa,MDM2,0.336,0.014842
Metformin,MCF7,MDM2,0.019,0.110881
Metformin,A549,MDM2,0.037,0.125508
Metformin,PC3,MDM2,0.747,0.122787
Metformin,HCT116,MDM2,3.23,0.056673
Metformin,SW480,MDM2,-1.151,0.14712
Metformin,PANC1,MDM2,3.285,0.026663
Metformin,U87MG,MDM2,-1.212,0.03098
Metformin,HeLa,CDKN2A,-3.186,0.057433
Metformin,MCF7,CDKN2A,-0.789,0.014391
Metformin,A549,CDKN2A,0.513,0.057462
Metformin,PC3,CDKN2A,2.814,0.089574
Metformin,HCT116,CDKN2A,-1.348,0.142973
Metformin,SW480,CDKN2A,0.738,0.145242
Metformin,PANC1,CDKN2A,-1.98,0.127484
Metformin,U87MG,CDKN2A,2.747,0.097152
Metformin,HeLa,ATM,1.769,0.141572
Metformin,MCF7,ATM,-0.704,0.02745
Metformin,A549,ATM,-2.57,0.114244
Metformin,PC3,ATM,2.031,0.113805
Metformin,HCT116,ATM,-0.172,0.081252
Metformin,SW480,ATM,1.857,0.038948
Metformin,PANC1,ATM,0.008,0.153835
Metformin,U87MG,ATM,0.07,0.186877
Doxorubicin,HeLa,TP53,-0.675,0.080866
Doxorubicin,MCF7,TP53,0.934,0.022711
Doxorubicin,A549,TP53,0.18,0.045157
Doxorubicin,PC3,TP53,0.772,0.118042
Doxorubicin,HCT116,TP53,-2.301,0.014909
Doxorubicin,SW480,TP53,1.917,0.093356
Doxorubicin,PANC1,TP53,2.327,0.065605
Doxorubicin,U87MG,TP53,0.174,0.165848
Doxorubicin,HeLa,BRCA1,3.091,0.088678
Doxorubicin,MCF7,BRCA1,2.633,0.047046
Doxorubicin,A549,BRCA1,0.968,0.119255
Doxorubicin,PC3,BRCA1,2.053,0.029131
Doxorubicin,HCT116,BRCA1,1.588,0.058974
Doxorubicin,SW480,BRCA1,-2.638,0.050889
Doxorubicin,PANC1,BRCA1,-0.404,0.096606
Doxorubicin,U87MG,BRCA1,1.076,0.129919
Doxorubicin,HeLa,BRCA2,2.443,0.105143
Doxorubicin,MCF7,BRCA2,-2.07,0.127037
Doxorubicin,A549,BRCA2,-2.555,0.054607
Doxorubicin,PC3,BRCA2,-0.083,0.193413
Doxorubicin,HCT116,BRCA2,-3.101,0.064008
Doxorubicin,SW480,BRCA2,-0.134,0.047745
Doxorubicin,PANC1,BRCA2,0.55,0.033922
Doxorubicin,U87MG,BRCA2,-1.41,0.054046
Doxorubicin,HeLa,MYC,-0.094,0.131831
Doxorubicin,MCF7,MYC,1.433,0.027202
Doxorubicin,A549,MYC,-0.795,0.031615
Doxorubicin,PC3,MYC,-1.189,0.015103
Doxorubicin,HCT116,MYC,-0.161,0.04098
Doxorubicin,SW480,MYC,-1.553,0.055231
Doxorubicin,PANC1,MYC,2.947,0.004663
Doxorubicin,U87MG,MYC,0.053,0.158728
Doxorubicin,HeLa,EGFR,-1.05,0.14548
Doxorubicin,MCF7,EGFR,0.321,0.174791
Doxorubicin,A549,EGFR,-0.168,0.157082
Doxorubicin,PC3,EGFR,-0.331,0.141954
Doxorubicin,HCT116,EGFR,-0.796,0.06521
Doxorubicin,SW480,EGFR,-0.864,0.083957
Doxorubicin,PANC1,EGFR,-2.273,0.059209
Doxorubicin,U87MG,EGFR,2.05,0.100622
Doxorubicin,HeLa,CCND1,0.865,0.088596
Doxorubicin,MCF7,CCND1,0.467,0.098906
Doxorubicin,A549,CCND1,-0.192,0.103706
Doxorubicin,PC3,CCND1,-1.433,0.037957
Doxorubicin,HCT116,CCND1,-1.135,0.004088
Doxorubicin,SW480,CCND1,-2.133,0.042875
Doxorubicin,PANC1,CCND1,-0.97,0.020979
Doxorubicin,U87MG,CCND1,-1.622,0.131955
Doxorubicin,HeLa,RB1,2.531,0.09405
Doxorubicin,MCF7,RB1,1.322,0.07899
Doxorubicin,A549,RB1,0.116,0.115594
Doxorubicin,PC3,RB1,-1.292,0.118472
Doxorubicin,HCT116,RB1,-1.556,0.043165
Doxorubicin,SW480,RB1,-0.286,0.069907
Doxorubicin,PANC1,RB1,1.389,0.055889
Doxorubicin,U87MG,RB1,2.864,0.106894
Doxorubicin,HeLa,PTEN,-2.098,0.01412
Doxorubicin,MCF7,PTEN,0.844,0.027174
Doxorubicin,A549,PTEN,-0.976,0.032173
Doxorubicin,PC3,PTEN,-0.731,0.050984
Doxorubicin,HCT116,PTEN,0.073,0.081706
Doxorubicin,SW480,PTEN,-1.246,0.157307
Doxorubicin,PANC1,PTEN,-0.358,0.182804
Doxorubicin,U87MG,PTEN,-1.361,0.135502
Doxorubicin,HeLa,AKT1,-0.865,0.030161
Doxorubicin,MCF7,AKT1,1.133,0.109756
Doxorubicin,A549,AKT1,0.149,0.112015
Doxorubicin,PC3,AKT1,1.127,0.046488
Doxorubicin,HCT116,AKT1,-0.994,0.05501
Doxorubicin,SW480,AKT1,0.856,0.073931
Doxorubicin,PANC1,AKT1,-2.441,0.014535
Doxorubicin,U87MG,AKT1,0.072,0.1211
Doxorubicin,HeLa,PIK3CA,0.958,0.026857
Doxorubicin,MCF7,PIK3CA,-2.492,0.058168
Doxorubicin,A549,PIK3CA,-0.978,0.057349
Doxorubicin,PC3,PIK3CA,0.071,0.027433
Doxorubicin,HCT116,PIK3CA,1.509,0.039194
Doxorubicin,SW480,PIK3CA,-0.865,0.117704
Doxorubicin,PANC1,PIK3CA,0.795,0.082784
Doxorubicin,U87MG,PIK3CA,2.162,0.054255
Doxorubicin,HeLa,KRAS,0.866,0.143262
Doxorubicin,MCF7,KRAS,-0.305,0.183633
Doxorubicin,A549,KRAS,0.557,0.171008
Doxorubicin,PC3,KRAS,-0.906,0.031693
Doxorubicin,HCT116,KRAS,0.13,0.112924
Doxorubicin,SW480,KRAS,-0.234,0.162227
Doxorubicin,PANC1,KRAS,0.506,0.037792
Doxorubicin,U87MG,KRAS,-0.618,0.030249
Doxorubicin,HeLa,BRAF,0.592,0.120748
Doxorubicin,MCF7,BRAF,-0.631,0.094472
Doxorubicin,A549,BRAF,1.307,0.06256
Doxorubicin,PC3,BRAF,-0.489,0.15071
Doxorubicin,HCT116,BRAF,-3.057,0.047546
Doxorubicin,SW480,BRAF,-1.512,0.046222
Doxorubicin,PANC1,BRAF,0.028,0.047002
Doxorubicin,U87MG,BRAF,2.515,0.107587
Doxorubicin,HeLa,MDM2,1.244,0.145281
Doxorubicin,MCF7,MDM2,-3.317,0.058771
Doxorubicin,A549,MDM2,-2.218,0.018525
Doxorubicin,PC3,MDM2,1.716,0.115362
Doxorubicin,HCT116,MDM2,0.949,0.151718
Doxorubicin,SW480,MDM2,3.406,0.071864
Doxorubicin,PANC1,MDM2,-0.689,0.044887
Doxorubicin,U87MG,MDM2,-1.275,0.118646
Doxorubicin,HeLa,CDKN2A,0.107,0.150106
Doxorubicin,MCF7,CDKN2A,-0.716,0.15536
Doxorubicin,A549,CDKN2A,1.556,0.017285
Doxorubicin,PC3,CDKN2A,-0.765,0.148703
Doxorubicin,HCT116,CDKN2A,-0.405,0.14932
Doxorubicin,SW480,CDKN2A,-1.468,0.023591
Doxorubicin,PANC1,CDKN2A,1.135,0.118074
Doxorubicin,U87MG,CDKN2A,-1.383,0.100129
Doxorubicin,HeLa,ATM,0.62,0.046037
Doxorubicin,MCF7,ATM,2.815,0.038356
Doxorubicin,A549,ATM,-2.668,0.053264
Doxorubicin,PC3,ATM,2.244,0.121466
Doxorubicin,HCT116,ATM,0.42,0.09484
Doxorubicin,SW480,ATM,-1.688,0.089542
Doxorubicin,PANC1,ATM,0.164,0.135967
Doxorubicin,U87MG,ATM,1.089,0.152427
Tamoxifen,HeLa,TP53,-1.186,0.093735
Tamoxifen,MCF7,TP53,0.707,0.107962
Tamoxifen,A549,TP53,2.39,0.11546
Tamoxifen,PC3,TP53,-0.767,0.162467
Tamoxifen,HCT116,TP53,-1.484,0.150199
Tamoxifen,SW480,TP53,-0.189,0.162871
Tamoxifen,PANC1,TP53,0.084,0.117077
Tamoxifen,U87MG,TP53,1.641,0.059288
Tamoxifen,HeLa,BRCA1,-0.237,0.154671
Tamoxifen,MCF7,BRCA1,-0.64,0.001725
Tamoxifen,A549,BRCA1,-1.518,0.081722
Tamoxifen,PC3,BRCA1,-2.482,0.110952
Tamoxifen,HCT116,BRCA1,-1.935,0.102017
Tamoxifen,SW480,BRCA1,-1.943,0.06271
Tamoxifen,PANC1,BRCA1,-0.389,0.027222
Tamoxifen,U87MG,BRCA1,-2.255,0.023077
Tamoxifen,HeLa,BRCA2,-4.045,0.064572
Tamoxifen,MCF7,BRCA2,-0.081,0.072164
Tamoxifen,A549,BRCA2,2.773,0.002006
Tamoxifen,PC3,BRCA2,1.69,0.097072
Tamoxifen,HCT116,BRCA2,-0.403,0.016824
Tamoxifen,SW480,BRCA2,-1.66,0.14643
Tamoxifen,PANC1,BRCA2,3.86,0.005487
Tamoxifen,U87MG,BRCA2,0.089,0.148107
Tamoxifen,HeLa,MYC,0.297,0.039835
Tamoxifen,MCF7,MYC,-0.217,0.037597
Tamoxifen,A549,MYC,-0.049,0.112512
Tamoxifen,PC3,MYC,-0.815,0.01224
Tamoxifen,HCT116,MYC,-0.382,0.098907
Tamoxifen,SW480,MYC,2.256,0.056691
Tamoxifen,PANC1,MYC,1.869,0.022355
Tamoxifen,U87MG,MYC,-3.11,0.018691
Tamoxifen,HeLa,EGFR,-2.111,0.085527
Tamoxifen,MCF7,EGFR,-1.167,0.066968
Tamoxifen,A549,EGFR,1.404,0.004957
Tamoxifen,PC3,EGFR,1.907,0.031387
Tamoxifen,HCT116,EGFR,1.083,0.00407
Tamoxifen,SW480,EGFR,-1.694,0.015833
Tamoxifen,PANC1,EGFR,-0.787,0.114419
Tamoxifen,U87MG,EGFR,0.734,0.042714
Tamoxifen,HeLa,CCND1,-0.36,0.136383
Tamoxifen,MCF7,CCND1,-0.562,0.155875
Tamoxifen,A549,CCND1,-0.541,0.122345
Tamoxifen,PC3,CCND1,1.739,0.030164
Tamoxifen,HCT116,CCND1,0.89,0.003077
Tamoxifen,SW480,CCND1,-0.464,0.016678
Tamoxifen,PANC1,CCND1,0.489,0.078221
Tamoxifen,U87MG,CCND1,-1.877,0.125001
Tamoxifen,HeLa,RB1,-0.784,0.046023
Tamoxifen,MCF7,RB1,1.574,0.057284
Tamoxifen,A549,RB1,-2.335,0.07843
Tamoxifen,PC3,RB1,0.909,0.070478
Tamoxifen,HCT116,RB1,-3.123,0.029819
Tamoxifen,SW480,RB1,2.545,0.112489
Tamoxifen,PANC1,RB1,-0.817,0.151092
Tamoxifen,U87MG,RB1,0.599,0.088611
Tamoxifen,HeLa,PTEN,0.171,0.08327
Tamoxifen,MCF7,PTEN,0.225,0.005274
Tamoxifen,A549,PTEN,0.462,0.117676
Tamoxifen,PC3,PTEN,-2.565,0.030846
Tamoxifen,HCT116,PTEN,0.256,0.188822
Tamoxifen,SW480,PTEN,-0.276,0.100949
Tamoxifen,PANC1,PTEN,-0.81,0.004056
Tamoxifen,U87MG,PTEN,-1.167,0.148773
Tamoxifen,HeLa,AKT1,0.294,0.052927
Tamoxifen,MCF7,AKT1,-1.468,0.085151
Tamoxifen,A549,AKT1,1.544,0.031685
Tamoxifen,PC3,AKT1,0.709,0.002827
Tamoxifen,HCT116,AKT1,0.384,0.113098
Tamoxifen,SW480,AKT1,1.474,0.101894
Tamoxifen,PANC1,AKT1,-2.761,0.058199
Tamoxifen,U87MG,AKT1,-1.919,0.007169
Tamoxifen,HeLa,PIK3CA,0.776,0.015306
Tamoxifen,MCF7,PIK3CA,-1.089,0.099947
Tamoxifen,A549,PIK3CA,-0.917,0.049872
Tamoxifen,PC3,PIK3CA,-2.11,0.047546
Tamoxifen,HCT116,PIK3CA,-1.464,0.087081
Tamoxifen,SW480,PIK3CA,1.58,0.071525
Tamoxifen,PANC1,PIK3CA,0.74,0.129403
Tamoxifen,U87MG,PIK3CA,0.277,0.041831
Tamoxifen,HeLa,KRAS,-0.863,0.085992
Tamoxifen,MCF7,KRAS,0.183,0.116265
Tamoxifen,A549,KRAS,1.724,0.016086
Tamoxifen,PC3,KRAS,-1.055,0.01326
Tamoxifen,HCT116,KRAS,-0.052,0.136833
Tamoxifen,SW480,KRAS,2.656,0.050331
Tamoxifen,PANC1,KRAS,1.062,0.132892
Tamoxifen,U87MG,KRAS,-0.844,0.120448
Tamoxifen,HeLa,BRAF,0.933,0.061964
Tamoxifen,MCF7,BRAF,-2.355,0.01198
Tamoxifen,A549,BRAF,-0.112,0.037165
Tamoxifen,PC3,BRAF,0.931,0.092626
Tamoxifen,HCT116,BRAF,0.57,0.146769
Tamoxifen,SW480,BRAF,0.916,0.11274
Tamoxifen,PANC1,BRAF,1.251,0.04054
Tamoxifen,U87MG,BRAF,0.689,0.087552
Tamoxifen,HeLa,MDM2,0.644,0.033126
Tamoxifen,MCF7,MDM2,0.312,0.108338
Tamoxifen,A549,MDM2,-1.622,0.136968
Tamoxifen,PC3,MDM2,1.58,0.145145
Tamoxifen,HCT116,MDM2,-0.059,0.170908
Tamoxifen,SW480,MDM2,1.022,0.141413
Tamoxifen,PANC1,MDM2,1.407,0.006481
Tamoxifen,U87MG,MDM2,-0.774,0.104838
Tamoxifen,HeLa,CDKN2A,-0.652,0.014613
Tamoxifen,MCF7,CDKN2A,-0.464,0.129206
Tamoxifen,A549,CDKN2A,1.884,0.009785
Tamoxifen,PC3,CDKN2A,-1.342,0.050057
Tamoxifen,HCT116,CDKN2A,2.17,0.042056
Tamoxifen,SW480,CDKN2A,0.295,0.11963
Tamoxifen,PANC1,CDKN2A,0.401,0.044324
Tamoxifen,U87MG,CDKN2A,1.334,0.004605
Tamoxifen,HeLa,ATM,0.123,0.184164
Tamoxifen,MCF7,ATM,1.598,0.119054
Tamoxifen,A549,ATM,-0.776,0.084515
Tamoxifen,PC3,ATM,2.114,0.083298
Tamoxifen,HCT116,ATM,-0.668,0.075778
Tamoxifen,SW480,ATM,2.18,0.096232
Tamoxifen,PANC1,ATM,-0.63,0.064352
Tamoxifen,U87MG,ATM,-0.423,0.054227
Paclitaxel,HeLa,TP53,-1.506,0.007117
Paclitaxel,MCF7,TP53,-1.152,0.003717
Paclitaxel,A549,TP53,-0.052,0.076836
Paclitaxel,PC3,TP53,0.351,0.128591
Paclitaxel,HCT116,TP53,1.476,0.144352
Paclitaxel,SW480,TP53,-0.321,0.089185
Paclitaxel,PANC1,TP53,-1.684,0.144825
Paclitaxel,U87MG,TP53,0.574,0.04278
Paclitaxel,HeLa,BRCA1,0.25,0.117068
Paclitaxel,MCF7,BRCA1,0.739,0.090849
Paclitaxel,A549,BRCA1,-0.957,0.038008
Paclitaxel,PC3,BRCA1,-0.796,0.033246
Paclitaxel,HCT116,BRCA1,-0.956,0.010597
Paclitaxel,SW480,BRCA1,1.784,0.138533
Paclitaxel,PANC1,BRCA1,2.131,0.091947
Paclitaxel,U87MG,BRCA1,-0.856,0.027293
Paclitaxel,HeLa,BRCA2,-0.828,0.039504
Paclitaxel,MCF7,BRCA2,0.949,0.091474
Paclitaxel,A549,BRCA2,2.321,0.012073
Paclitaxel,PC3,BRCA2,2.694,0.099923
Paclitaxel,HCT116,BRCA2,-0.919,0.151703
Paclitaxel,SW480,BRCA2,-0.582,0.173386
Paclitaxel,PANC1,BRCA2,0.429,0.122379
Paclitaxel,U87MG,BRCA2,0.502,0.101741
Paclitaxel,HeLa,MYC,-0.265,0.071973
Paclitaxel,MCF7,MYC,-1.197,0.042596
Paclitaxel,A549,MYC,-0.05,0.016992
Paclitaxel,PC3,MYC,2.692,0.025514
Paclitaxel,HCT116,MYC,-0.776,0.149223
Paclitaxel,SW480,MYC,0.336,0.094188
Paclitaxel,PANC1,MYC,3.79,0.064977
Paclitaxel,U87MG,MYC,-0.796,0.061268
Paclitaxel,HeLa,EGFR,1.023,0.045279
Paclitaxel,MCF7,EGFR,2.77,0.09791
Paclitaxel,A549,EGFR,0.886,0.146129
Paclitaxel,PC3,EGFR,1.663,0.127401
Paclitaxel,HCT116,EGFR,1.231,0.112269
Paclitaxel,SW480,EGFR,0.761,0.119748
Paclitaxel,PANC1,EGFR,2.073,0.021761
Paclitaxel,U87MG,EGFR,0.973,0.148846
Paclitaxel,HeLa,CCND1,-0.251,0.064974
Paclitaxel,MCF7,CCND1,0.22,0.143713
Paclitaxel,A549,CCND1,0.553,0.151854
Paclitaxel,PC3,CCND1,-0.59,0.092358
Paclitaxel,HCT116,CCND1,0.287,0.120919
Paclitaxel,SW480,CCND1,0.07,0.052114
Paclitaxel,PANC1,CCND1,0.968,0.131993
Paclitaxel,U87MG,CCND1,3.245,0.010717
Paclitaxel,HeLa,RB1,0.374,0.181106
Paclitaxel,MCF7,RB1,2.366,0.042898
Paclitaxel,A549,RB1,0.912,0.018277
Paclitaxel,PC3,RB1,0.28,0.179111
Paclitaxel,HCT116,RB1,-0.67,0.054368
Paclitaxel,SW480,RB1,0.291,0.135315
Paclitaxel,PANC1,RB1,0.199,0.067602
Paclitaxel,U87MG,RB1,-1.05,0.103632
Paclitaxel,HeLa,PTEN,-0.838,0.131519
Paclitaxel,MCF7,PTEN,0.566,0.005359
Paclitaxel,A549,PTEN,2.348,0.08551
Paclitaxel,PC3,PTEN,-0.099,0.088319
Paclitaxel,HCT116,PTEN,-2.172,0.021898
Paclitaxel,SW480,PTEN,-3.298,0.075172
Paclitaxel,PANC1,PTEN,-1.532,0.013131
Paclitaxel,U87MG,PTEN,1.063,0.113227
Paclitaxel,HeLa,AKT1,-1.92,0.131772
Paclitaxel,MCF7,AKT1,1.309,0.024557
Paclitaxel,A549,AKT1,0.975,0.071336
Paclitaxel,PC3,AKT1,-0.149,0.125018
Paclitaxel,HCT116,AKT1,-2.288,0.124754
Paclitaxel,SW480,AKT1,-1.038,0.068765
Paclitaxel,PANC1,AKT1,-0.362,0.040895
Paclitaxel,U87MG,AKT1,0.528,0.006588
Paclitaxel,HeLa,PIK3CA,-1.877,0.121041
Paclitaxel,MCF7,PIK3CA,2.166,0.062192
Paclitaxel,A549,PIK3CA,0.514,0.141712
Paclitaxel,PC3,PIK3CA,0.685,0.150574
Paclitaxel,HCT116,PIK3CA,0.964,0.022935
Paclitaxel,SW480,PIK3CA,1.994,0.005089
Paclitaxel,PANC1,PIK3CA,0.295,0.151988
Paclitaxel,U87MG,PIK3CA,1.064,0.080347
Paclitaxel,HeLa,KRAS,-1.015,0.034264
Paclitaxel,MCF7,KRAS,2.701,0.056112
Paclitaxel,A549,KRAS,0.192,0.052853
Paclitaxel,PC3,KRAS,-1.022,0.133609
Paclitaxel,HCT116,KRAS,-0.669,0.002958
Paclitaxel,SW480,KRAS,-2.834,0.008426
Paclitaxel,PANC1,KRAS,-0.678,0.107334
Paclitaxel,U87MG,KRAS,-3.636,0.024695
Paclitaxel,HeLa,BRAF,1.179,0.126734
Paclitaxel,MCF7,BRAF,0.638,0.007977
Paclitaxel,A549,BRAF,-1.45,0.037757
Paclitaxel,PC3,BRAF,-0.072,0.195086
Paclitaxel,HCT116,BRAF,-0.005,0.123906
Paclitaxel,SW480,BRAF,-1.738,0.10165
Paclitaxel,PANC1,BRAF,-0.331,0.062468
Paclitaxel,U87MG,BRAF,0.04,0.103353
Paclitaxel,HeLa,MDM2,-0.371,0.007156
Paclitaxel,MCF7,MDM2,-1.023,0.013914
Paclitaxel,A549,MDM2,-1.502,0.086551
Paclitaxel,PC3,MDM2,-0.422,0.12888
Paclitaxel,HCT116,MDM2,-0.857,0.029623
Paclitaxel,SW480,MDM2,0.859,0.018812
Paclitaxel,PANC1,MDM2,2.099,0.004839
Paclitaxel,U87MG,MDM2,1.387,0.145741
Paclitaxel,HeLa,CDKN2A,0.089,0.140069
Paclitaxel,MCF7,CDKN2A,-0.97,0.147257
Paclitaxel,A549,CDKN2A,1.343,0.053823
Paclitaxel,PC3,CDKN2A,0.953,0.138279
Paclitaxel,HCT116,CDKN2A,1.976,0.062236
Paclitaxel,SW480,CDKN2A,0.296,0.122951
Paclitaxel,PANC1,CDKN2A,2.604,0.01006
Paclitaxel,U87MG,CDKN2A,0.297,0.012392
Paclitaxel,HeLa,ATM,-0.977,0.147206
Paclitaxel,MCF7,ATM,-0.726,0.039441
Paclitaxel,A549,ATM,0.784,0.115509
Paclitaxel,PC3,ATM,-0.861,0.086353
Paclitaxel,HCT116,ATM,2.591,0.027199
Paclitaxel,SW480,ATM,0.654,0.178403
Paclitaxel,PANC1,ATM,0.057,0.040338
Paclitaxel,U87MG,ATM,0.18,0.132437
Cisplatin,HeLa,TP53,-0.386,0.163051
Cisplatin,MCF7,TP53,-2.503,0.087357
Cisplatin,A549,TP53,-0.725,0.061742
Cisplatin,PC3,TP53,2.361,0.046567
Cisplatin,HCT116,TP53,0.337,0.083529
Cisplatin,SW480,TP53,1.571,0.108805
Cisplatin,PANC1,TP53,1.618,0.133579
Cisplatin,U87MG,TP53,-0.058,0.084138
Cisplatin,HeLa,BRCA1,0.978,0.153979
Cisplatin,MCF7,BRCA1,-2.365,0.026683
Cisplatin,A549,BRCA1,2.215,0.094836
Cisplatin,PC3,BRCA1,2.07,0.018179
Cisplatin,HCT116,BRCA1,0.741,0.032399
Cisplatin,SW480,BRCA1,0.391,0.045251
Cisplatin,PANC1,BRCA1,-0.038,0.049891
Cisplatin,U87MG,BRCA1,1.759,0.125227
Cisplatin,HeLa,BRCA2,1.158,0.059062
Cisplatin,MCF7,BRCA2,-4.273,0.037645
Cisplatin,A549,BRCA2,-0.544,0.177045
Cisplatin,PC3,BRCA2,-1.68,0.038296
Cisplatin,HCT116,BRCA2,-1.942,0.106784
Cisplatin,SW480,BRCA2,1.741,0.019509
Cisplatin,PANC1,BRCA2,-0.07,0.047434
Cisplatin,U87MG,BRCA2,0.716,0.013837
Cisplatin,HeLa,MYC,0.115,0.066809
Cisplatin,MCF7,MYC,-1.924,0.114849
Cisplatin,A549,MYC,-2.335,0.077558
Cisplatin,PC3,MYC,-0.642,0.127095
Cisplatin,HCT116,MYC,-0.523,0.007603
Cisplatin,SW480,MYC,-0.524,0.135177
Cisplatin,PANC1,MYC,-0.482,0.155945
Cisplatin,U87MG,MYC,3.115,0.080919
Cisplatin,HeLa,EGFR,1.545,0.031586
Cisplatin,MCF7,EGFR,0.358,0.021938
Cisplatin,A549,EGFR,-0.107,0.104869
Cisplatin,PC3,EGFR,-0.056,0.185711
Cisplatin,HCT116,EGFR,1.099,0.052677
Cisplatin,SW480,EGFR,-0.121,0.099965
Cisplatin,PANC1,EGFR,1.374,0.071372
Cisplatin,U87MG,EGFR,0.52,0.094988
Cisplatin,HeLa,CCND1,3.133,0.01436
Cisplatin,MCF7,CCND1,-0.209,0.006731
Cisplatin,A549,CCND1,1.662,0.030219
Cisplatin,PC3,CCND1,-1.56,0.101317
Cisplatin,HCT116,CCND1,-0.936,0.147748
Cisplatin,SW480,CCND1,2.871,0.019599
Cisplatin,PANC1,CCND1,1.305,0.149517
Cisplatin,U87MG,CCND1,0.744,0.120672
Cisplatin,HeLa,RB1,3.605,0.073596
Cisplatin,MCF7,RB1,-0.086,0.112967
Cisplatin,A549,RB1,1.658,0.032266
Cisplatin,PC3,RB1,1.781,0.094479
Cisplatin,HCT116,RB1,2.45,0.013504
Cisplatin,SW480,RB1,-1.72,0.095619
Cisplatin,PANC1,RB1,-0.096,0.171597
Cisplatin,U87MG,RB1,0.493,0.144331
Cisplatin,HeLa,PTEN,2.421,0.107729
Cisplatin,MCF7,PTEN,0.68,0.072561
Cisplatin,A549,PTEN,1.784,0.115583
Cisplatin,PC3,PTEN,-1.841,0.107707
Cisplatin,HCT116,PTEN,-0.446,0.152055
Cisplatin,SW480,PTEN,2.064,0.016693
Cisplatin,PANC1,PTEN,-0.26,0.062868
Cisplatin,U87MG,PTEN,0.023,0.073649
Cisplatin,HeLa,AKT1,2.392,0.04835
Cisplatin,MCF7,AKT1,-1.27,0.071937
Cisplatin,A549,AKT1,-0.958,0.039138
Cisplatin,PC3,AKT1,-1.985,0.010623
Cisplatin,HCT116,AKT1,2.463,0.075302
Cisplatin,SW480,AKT1,1.515,0.070639
Cisplatin,PANC1,AKT1,1.473,0.079722
Cisplatin,U87MG,AKT1,-0.487,0.088845
Cisplatin,HeLa,PIK3CA,-2.084,0.077617
Cisplatin,MCF7,PIK3CA,-2.468,0.064859
Cisplatin,A549,PIK3CA,2.076,0.108703
Cisplatin,PC3,PIK3CA,0.846,0.12443
Cisplatin,HCT116,PIK3CA,1.138,0.040445
Cisplatin,SW480,PIK3CA,0.422,0.172963
Cisplatin,PANC1,PIK3CA,-1.131,0.080012
Cisplatin,U87MG,PIK3CA,-0.421,0.048589
Cisplatin,HeLa,KRAS,-1.483,0.12265
Cisplatin,MCF7,KRAS,-1.655,0.07961
Cisplatin,A549,KRAS,1.377,0.111884
Cisplatin,PC3,KRAS,-2.356,0.034427
Cisplatin,HCT116,KRAS,-1.474,0.028313
Cisplatin,SW480,KRAS,-0.337,0.129181
Cisplatin,PANC1,KRAS,0.158,0.138506
Cisplatin,U87MG,KRAS,-2.001,0.015139
Cisplatin,HeLa,BRAF,-2.389,0.118979
Cisplatin,MCF7,BRAF,0.661,0.086947
Cisplatin,A549,BRAF,0.336,0.009121
Cisplatin,PC3,BRAF,2.046,0.085419
Cisplatin,HCT116,BRAF,0.183,0.159204
Cisplatin,SW480,BRAF,0.815,0.153883
Cisplatin,PANC1,BRAF,-1.053,0.101932
Cisplatin,U87MG,BRAF,-0.994,0.069622
Cisplatin,HeLa,MDM2,-1.866,0.109657
Cisplatin,MCF7,MDM2,-1.039,0.046426
Cisplatin,A549,MDM2,-0.442,0.124368
Cisplatin,PC3,MDM2,1.872,0.014019
Cisplatin,HCT116,MDM2,-1.253,0.094131
Cisplatin,SW480,MDM2,3.218,0.016707
Cisplatin,PANC1,MDM2,0.951,0.037419
Cisplatin,U87MG,MDM2,0.621,0.018056
Cisplatin,HeLa,CDKN2A,0.066,0.120531
Cisplatin,MCF7,CDKN2A,-0.221,0.105919
Cisplatin,A549,CDKN2A,-0.836,0.103339
Cisplatin,PC3,CDKN2A,-2.055,0.067028
Cisplatin,HCT116,CDKN2A,-1.206,0.069583
Cisplatin,SW480,CDKN2A,2.459,0.087232
Cisplatin,PANC1,CDKN2A,0.853,0.047971
Cisplatin,U87MG,CDKN2A,2.443,0.010237
Cisplatin,HeLa,ATM,-0.873,0.039668
Cisplatin,MCF7,ATM,-1.522,0.054196
Cisplatin,A549,ATM,0.051,0.014337
Cisplatin,PC3,ATM,-1.155,0.130654
Cisplatin,HCT116,ATM,0.351,0.166253
Cisplatin,SW480,ATM,-2.334,0.081785
Cisplatin,PANC1,ATM,-2.991,0.03508
Cisplatin,U87MG,ATM,0.561,0.122178
Imatinib,HeLa,TP53,2.509,0.056013
Imatinib,MCF7,TP53,0.629,0.011664
Imatinib,A549,TP53,0.837,0.031077
Imatinib,PC3,TP53,0.114,0.135788
Imatinib,HCT116,TP53,0.254,0.019416
Imatinib,SW480,TP53,-2.121,0.059876
Imatinib,PANC1,TP53,-1.103,0.109783
Imatinib,U87MG,TP53,1.854,0.112038
Imatinib,HeLa,BRCA1,-1.638,0.146465
Imatinib,MCF7,BRCA1,-0.475,0.171389
Imatinib,A549,BRCA1,1.82,0.074196
Imatinib,PC3,BRCA1,0.213,0.120839
Imatinib,HCT116,BRCA1,0.288,0.025197
Imatinib,SW480,BRCA1,-0.464,0.153118
Imatinib,PANC1,BRCA1,1.062,0.006803
Imatinib,U87MG,BRCA1,1.435,0.047242
Imatinib,HeLa,BRCA2,-1.179,0.014962
Imatinib,MCF7,BRCA2,-1.997,0.127564
Imatinib,A549,BRCA2,-2.754,0.044744
Imatinib,PC3,BRCA2,0.762,0.079022
Imatinib,HCT116,BRCA2,0.583,0.166803
Imatinib,SW480,BRCA2,3.739,0.040126
Imatinib,PANC1,BRCA2,0.123,0.075237
Imatinib,U87MG,BRCA2,-0.148,0.171547
Imatinib,HeLa,MYC,0.401,0.148063
Imatinib,MCF7,MYC,0.483,0.056873
Imatinib,A549,MYC,-0.262,0.034039
Imatinib,PC3,MYC,-1.134,0.11403
Imatinib,HCT116,MYC,0.042,0.127684
Imatinib,SW480,MYC,-0.014,0.164313
Imatinib,PANC1,MYC,-0.038,0.120914
Imatinib,U87MG,MYC,1.227,0.12313
Imatinib,HeLa,EGFR,0.016,0.080134
Imatinib,MCF7,EGFR,-1.968,0.020643
Imatinib,A549,EGFR,-0.914,0.005239
Imatinib,PC3,EGFR,-0.28,0.026646
Imatinib,HCT116,EGFR,0.085,0.190572
Imatinib,SW480,EGFR,0.795,0.075999
Imatinib,PANC1,EGFR,0.097,0.087094
Imatinib,U87MG,EGFR,-2.963,0.011584
Imatinib,HeLa,CCND1,-1.815,0.088211
Imatinib,MCF7,CCND1,0.9,0.111616
Imatinib,A549,CCND1,-0.32,0.01193
Imatinib,PC3,CCND1,2.236,0.127789
Imatinib,HCT116,CCND1,0.223,0.189732
Imatinib,SW480,CCND1,-0.506,0.044665
Imatinib,PANC1,CCND1,-0.92,0.118315
Imatinib,U87MG,CCND1,-0.454,0.012424
Imatinib,HeLa,RB1,0.241,0.156699
Imatinib,MCF7,RB1,0.005,0.123338
Imatinib,A549,RB1,1.424,0.081752
Imatinib,PC3,RB1,-2.227,0.055217
Imatinib,HCT116,RB1,-2.05,0.049848
Imatinib,SW480,RB1,-0.337,0.078912
Imatinib,PANC1,RB1,0.812,0.134067
Imatinib,U87MG,RB1,1.139,0.002613
Imatinib,HeLa,PTEN,-0.865,0.004152
Imatinib,MCF7,PTEN,-3.887,0.01993
Imatinib,A549,PTEN,-0.819,0.09343
Imatinib,PC3,PTEN,0.588,0.039704
Imatinib,HCT116,PTEN,-0.023,0.022754
Imatinib,SW480,PTEN,0.869,0.094745
Imatinib,PANC1,PTEN,1.795,0.014626
Imatinib,U87MG,PTEN,-0.238,0.094425
Imatinib,HeLa,AKT1,-0.665,0.132017
Imatinib,MCF7,AKT1,-1.327,0.0754
Imatinib,A549,AKT1,-2.058,0.061997
Imatinib,PC3,AKT1,-2.42,0.096335
Imatinib,HCT116,AKT1,-1.004,0.115789
Imatinib,SW480,AKT1,1.56,0.0661
Imatinib,PANC1,AKT1,1.017,0.00724
Imatinib,U87MG,AKT1,-0.732,0.15932
Imatinib,HeLa,PIK3CA,3.236,0.063758
Imatinib,MCF7,PIK3CA,-0.909,0.153088
Imatinib,A549,PIK3CA,1.953,0.009808
Imatinib,PC3,PIK3CA,2.342,0.065127
Imatinib,HCT116,PIK3CA,0.69,0.091569
Imatinib,SW480,PIK3CA,-1.017,0.114185
Imatinib,PANC1,PIK3CA,-0.548,0.013849
Imatinib,U87MG,PIK3CA,0.277,0.003258
Imatinib,HeLa,KRAS,-2.021,0.047768
Imatinib,MCF7,KRAS,-1.457,0.118976
Imatinib,A549,KRAS,-1.57,0.026691
Imatinib,PC3,KRAS,0.805,0.01793
Imatinib,HCT116,KRAS,1.779,0.03845
Imatinib,SW480,KRAS,1.078,0.004276
Imatinib,PANC1,KRAS,1.494,0.095353
Imatinib,U87MG,KRAS,-1.135,0.063019
Imatinib,HeLa,BRAF,-0.484,0.113832
Imatinib,MCF7,BRAF,-0.376,0.145812
Imatinib,A549,BRAF,0.684,0.008325
Imatinib,PC3,BRAF,3.248,0.093067
Imatinib,HCT116,BRAF,-0.965,0.165741
Imatinib,SW480,BRAF,1.392,0.09388
Imatinib,PANC1,BRAF,2.293,0.102916
Imatinib,U87MG,BRAF,0.762,0.115595
Imatinib,HeLa,MDM2,-0.547,0.169424
Imatinib,MCF7,MDM2,-1.259,0.036494
Imatinib,A549,MDM2,-1.567,0.066264
Imatinib,PC3,MDM2,-2.95,0.06494
Imatinib,HCT116,MDM2,-0.332,0.168073
Imatinib,SW480,MDM2,-0.415,0.120912
Imatinib,PANC1,MDM2,1.291,0.136807
Imatinib,U87MG,MDM2,-0.875,0.145743
Imatinib,HeLa,CDKN2A,-0.251,0.145187
Imatinib,MCF7,CDKN2A,0.424,0.086364
Imatinib,A549,CDKN2A,0.736,0.137188
Imatinib,PC3,CDKN2A,1.102,0.10837
Imatinib,HCT116,CDKN2A,0.272,0.188393
Imatinib,SW480,CDKN2A,-1.945,0.12917
Imatinib,PANC1,CDKN2A,0.6,0.148033
Imatinib,U87MG,CDKN2A,-0.977,0.03669
Imatinib,HeLa,ATM,1.857,0.103192
Imatinib,MCF7,ATM,0.032,0.108349
Imatinib,A549,ATM,0.361,0.056733
Imatinib,PC3,ATM,3.903,0.042607
Imatinib,HCT116,ATM,1.13,0.104548
Imatinib,SW480,ATM,0.572,0.138516
Imatinib,PANC1,ATM,-0.208,0.002762
Imatinib,U87MG,ATM,-1.836,0.035371
Erlotinib,HeLa,TP53,-0.314,0.152177
Erlotinib,MCF7,TP53,-1.276,0.033111
Erlotinib,A549,TP53,2.505,0.074053
Erlotinib,PC3,TP53,0.592,0.034778
Erlotinib,HCT116,TP53,1.795,0.079329
Erlotinib,SW480,TP53,-0.915,0.001742
Erlotinib,PANC1,TP53,-1.177,0.155553
Erlotinib,U87MG,TP53,0.972,0.062672
Erlotinib,HeLa,BRCA1,-1.331,0.048649
Erlotinib,MCF7,BRCA1,-0.656,0.157033
Erlotinib,A549,BRCA1,2.59,0.103845
Erlotinib,PC3,BRCA1,-0.599,0.107601
Erlotinib,HCT116,BRCA1,-2.128,0.091966
Erlotinib,SW480,BRCA1,-2.641,0.000947
Erlotinib,PANC1,BRCA1,-2.288,0.10081
Erlotinib,U87MG,BRCA1,1.894,0.013595
Erlotinib,HeLa,BRCA2,-0.828,0.111761
Erlotinib,MCF7,BRCA2,3.837,0.005368
Erlotinib,A549,BRCA2,2.313,0.070908
Erlotinib,PC3,BRCA2,3.009,0.062792
Erlotinib,HCT116,BRCA2,1.536,0.041252
Erlotinib,SW480,BRCA2,0.889,0.141694
Erlotinib,PANC1,BRCA2,-1.227,0.010167
Erlotinib,U87MG,BRCA2,-0.005,0.067459
Erlotinib,HeLa,MYC,1.045,0.131538
Erlotinib,MCF7,MYC,1.433,0.080107
Erlotinib,A549,MYC,-1.713,0.048141
Erlotinib,PC3,MYC,-0.29,0.083309
Erlotinib,HCT116,MYC,-0.124,0.117665
Erlotinib,SW480,MYC,-0.183,0.14309
Erlotinib,PANC1,MYC,-1.536,0.096235
Erlotinib,U87MG,MYC,2.781,0.087329
Erlotinib,HeLa,EGFR,-0.34,0.158982
Erlotinib,MCF7,EGFR,-1.439,0.059564
Erlotinib,A549,EGFR,2.827,0.020654
Erlotinib,PC3,EGFR,2.315,0.046016
Erlotinib,HCT116,EGFR,0.211,0.058403
Erlotinib,SW480,EGFR,-2.653,0.10832
Erlotinib,PANC1,EGFR,-0.699,0.155136
Erlotinib,U87MG,EGFR,-2.392,0.104038
Erlotinib,HeLa,CCND1,0.77,0.080817
Erlotinib,MCF7,CCND1,-0.799,0.084695
Erlotinib,A549,CCND1,-0.041,0.087353
Erlotinib,PC3,CCND1,2.658,0.083999
Erlotinib,HCT116,CCND1,-0.903,0.104739
Erlotinib,SW480,CCND1,0.703,0.024793
Erlotinib,PANC1,CCND1,1.149,0.156182
Erlotinib,U87MG,CCND1,1.84,0.010387
Erlotinib,HeLa,RB1,-0.15,0.051804
Erlotinib,MCF7,RB1,-0.306,0.047697
Erlotinib,A549,RB1,-0.34,0.052122
Erlotinib,PC3,RB1,0.551,0.138708
Erlotinib,HCT116,RB1,2.239,0.00899
Erlotinib,SW480,RB1,-0.407,0.091648
Erlotinib,PANC1,RB1,-3.636,0.029323
Erlotinib,U87MG,RB1,1.326,0.141862
Erlotinib,HeLa,PTEN,0.1,0.184414
Erlotinib,MCF7,PTEN,0.774,0.009988
Erlotinib,A549,PTEN,-2.344,0.091519
Erlotinib,PC3,PTEN,-0.794,0.171356
Erlotinib,HCT116,PTEN,1.191,0.032716
Erlotinib,SW480,PTEN,-1.881,0.079334
Erlotinib,PANC1,PTEN,0.7,0.108429
Erlotinib,U87MG,PTEN,-0.053,0.069948
Erlotinib,HeLa,AKT1,-1.102,0.140253
Erlotinib,MCF7,AKT1,-1.215,0.090771
Erlotinib,A549,AKT1,-1.524,0.130194
Erlotinib,PC3,AKT1,0.093,0.142696
Erlotinib,HCT116,AKT1,0.265,0.104541
Erlotinib,SW480,AKT1,-0.551,0.015743
Erlotinib,PANC1,AKT1,-1.608,0.025243
Erlotinib,U87MG,AKT1,-4.382,0.056546
Erlotinib,HeLa,PIK3CA,0.655,0.083253
Erlotinib,MCF7,PIK3CA,1.356,0.064948
Erlotinib,A549,PIK3CA,0.929,0.011402
Erlotinib,PC3,PIK3CA,3.086,0.052133
Erlotinib,HCT116,PIK3CA,-0.274,0.010842
Erlotinib,SW480,PIK3CA,2.062,0.105509
Erlotinib,PANC1,PIK3CA,-0.969,0.02854
Erlotinib,U87MG,PIK3CA,-1.199,0.053917
Erlotinib,HeLa,KRAS,0.184,0.040542
Erlotinib,MCF7,KRAS,2.437,0.107183
Erlotinib,A549,KRAS,-0.438,0.183215
Erlotinib,PC3,KRAS,-2.345,0.096618
Erlotinib,HCT116,KRAS,1.325,0.085269
Erlotinib,SW480,KRAS,-0.117,0.098195
Erlotinib,PANC1,KRAS,0.448,0.152797
Erlotinib,U87MG,KRAS,-1.128,0.062864
Erlotinib,HeLa,BRAF,0.17,0.05656
Erlotinib,MCF7,BRAF,-2.157,0.10397
Erlotinib,A549,BRAF,2.81,0.087947
Erlotinib,PC3,BRAF,1.62,0.059114
Erlotinib,HCT116,BRAF,0.102,0.031905
Erlotinib,SW480,BRAF,1.279,0.110936
Erlotinib,PANC1,BRAF,-0.965,0.145078
Erlotinib,U87MG,BRAF,1.545,0.136501
Erlotinib,HeLa,MDM2,-0.502,0.034635
Erlotinib,MCF7,MDM2,-0.605,0.161573
Erlotinib,A549,MDM2,-1.433,0.068309
Erlotinib,PC3,MDM2,0.635,0.110894
Erlotinib,HCT116,MDM2,0.036,0.192334
Erlotinib,SW480,MDM2,2.118,0.055619
Erlotinib,PANC1,MDM2,-1.594,0.1315
Erlotinib,U87MG,MDM2,0.642,0.077223
Erlotinib,HeLa,CDKN2A,1.781,0.103072
Erlotinib,MCF7,CDKN2A,3.884,0.067435
Erlotinib,A549,CDKN2A,0.292,0.036508
Erlotinib,PC3,CDKN2A,-0.53,0.157217
Erlotinib,HCT116,CDKN2A,0.253,0.136583
Erlotinib,SW480,CDKN2A,1.976,0.043458
Erlotinib,PANC1,CDKN2A,1.976,0.063187
Erlotinib,U87MG,CDKN2A,-0.177,0.070156
Erlotinib,HeLa,ATM,1.945,0.046631
Erlotinib,MCF7,ATM,-0.034,0.035383
Erlotinib,A549,ATM,1.261,0.016785
Erlotinib,PC3,ATM,0.82,0.04234
Erlotinib,HCT116,ATM,-0.588,0.0821
Erlotinib,SW480,ATM,-1.384,0.116806
Erlotinib,PANC1,ATM,1.826,0.050346
Erlotinib,U87MG,ATM,2.282,0.106945
Bevacizumab,HeLa,TP53,0.606,0.11487
Bevacizumab,MCF7,TP53,-0.036,0.025975
Bevacizumab,A549,TP53,-1.769,0.098648
Bevacizumab,PC3,TP53,1.782,0.010623
Bevacizumab,HCT116,TP53,0.425,0.043067
Bevacizumab,SW480,TP53,-0.388,0.157159
Bevacizumab,PANC1,TP53,1.307,0.110041
Bevacizumab,U87MG,TP53,-2.019,0.06974
Bevacizumab,HeLa,BRCA1,-1.5,0.005779
Bevacizumab,MCF7,BRCA1,-1.017,0.051484
Bevacizumab,A549,BRCA1,0.771,0.152863
Bevacizumab,PC3,BRCA1,0.269,0.146833
Bevacizumab,HCT116,BRCA1,0.952,0.044754
Bevacizumab,SW480,BRCA1,1.665,0.133185
Bevacizumab,PANC1,BRCA1,1.009,0.01936
Bevacizumab,U87MG,BRCA1,2.85,0.048943
Bevacizumab,HeLa,BRCA2,1.661,0.080614
Bevacizumab,MCF7,BRCA2,-0.181,0.074484
Bevacizumab,A549,BRCA2,-0.803,0.129195
Bevacizumab,PC3,BRCA2,-0.136,0.179706
Bevacizumab,HCT116,BRCA2,1.064,0.04908
Bevacizumab,SW480,BRCA2,-0.653,0.163196
Bevacizumab,PANC1,BRCA2,1.108,0.003771
Bevacizumab,U87MG,BRCA2,0.923,0.164155
Bevacizumab,HeLa,MYC,-1.403,0.128771
Bevacizumab,MCF7,MYC,1.629,0.042161
Bevacizumab,A549,MYC,0.551,0.018429
Bevacizumab,PC3,MYC,2.757,0.027459
Bevacizumab,HCT116,MYC,-0.029,0.060668
Bevacizumab,SW480,MYC,-0.455,0.111336
Bevacizumab,PANC1,MYC,-1.581,0.111242
Bevacizumab,U87MG,MYC,-1.602,0.007869
Bevacizumab,HeLa,EGFR,1.425,0.137841
Bevacizumab,MCF7,EGFR,2.566,0.022329
Bevacizumab,A549,EGFR,-0.157,0.155132
Bevacizumab,PC3,EGFR,-0.253,0.007579
Bevacizumab,HCT116,EGFR,0.105,0.013435
Bevacizumab,SW480,EGFR,1.743,0.12003
Bevacizumab,PANC1,EGFR,-1.391,0.015298
Bevacizumab,U87MG,EGFR,0.358,0.171603
Bevacizumab,HeLa,CCND1,1.463,0.134744
Bevacizumab,MCF7,CCND1,0.752,0.100979
Bevacizumab,A549,CCND1,-4.055,0.022504
Bevacizumab,PC3,CCND1,1.017,0.073252
Bevacizumab,HCT116,CCND1,0.767,0.156698
Bevacizumab,SW480,CCND1,2.06,0.059815
Bevacizumab,PANC1,CCND1,2.418,0.072799
Bevacizumab,U87MG,CCND1,1.972,0.096383
Bevacizumab,HeLa,RB1,0.113,0.021347
Bevacizumab,MCF7,RB1,-2.403,0.047714
Bevacizumab,A549,RB1,3.256,0.09108
Bevacizumab,PC3,RB1,-0.264,0.115442
Bevacizumab,HCT116,RB1,0.065,0.125856
Bevacizumab,SW480,RB1,2.543,0.008966
Bevacizumab,PANC1,RB1,-1.114,0.078093
Bevacizumab,U87MG,RB1,-1.98,0.006889
Bevacizumab,HeLa,PTEN,-0.644,0.174312
Bevacizumab,MCF7,PTEN,-1.039,0.055814
Bevacizumab,A549,PTEN,-2.109,0.081184
Bevacizumab,PC3,PTEN,-0.125,0.055722
Bevacizumab,HCT116,PTEN,0.124,0.002054
Bevacizumab,SW480,PTEN,-2.186,0.001642
Bevacizumab,PANC1,PTEN,-0.464,0.148788
Bevacizumab,U87MG,PTEN,-1.128,0.094107
Bevacizumab,HeLa,AKT1,-2.813,0.102523
Bevacizumab,MCF7,AKT1,0.173,0.077797
Bevacizumab,A549,AKT1,0.32,0.022444
Bevacizumab,PC3,AKT1,-1.128,0.057121
Bevacizumab,HCT116,AKT1,1.614,0.073594
Bevacizumab,SW480,AKT1,0.032,0.14003
Bevacizumab,PANC1,AKT1,-1.063,0.070502
Bevacizumab,U87MG,AKT1,-2.271,0.052715
Bevacizumab,HeLa,PIK3CA,0.401,0.114153
Bevacizumab,MCF7,PIK3CA,0.763,0.054926
Bevacizumab,A549,PIK3CA,-0.725,0.046205
Bevacizumab,PC3,PIK3CA,0.22,0.012393
Bevacizumab,HCT116,PIK3CA,2.418,0.014581
Bevacizumab,SW480,PIK3CA,1.345,0.060728
Bevacizumab,PANC1,PIK3CA,-3.228,0.01213
Bevacizumab,U87MG,PIK3CA,-1.079,0.069809
Bevacizumab,HeLa,KRAS,-0.197,0.016422
Bevacizumab,MCF7,KRAS,0.115,0.070279
Bevacizumab,A549,KRAS,0.253,0.130548
Bevacizumab,PC3,KRAS,0.663,0.065277
Bevacizumab,HCT116,KRAS,-0.148,0.124564
Bevacizumab,SW480,KRAS,0.028,0.181917
Bevacizumab,PANC1,KRAS,1.43,0.111885
Bevacizumab,U87MG,KRAS,0.431,0.023269
Bevacizumab,HeLa,BRAF,-1.716,0.002416
Bevacizumab,MCF7,BRAF,0.163,0.082771
Bevacizumab,A549,BRAF,-0.193,0.112289
Bevacizumab,PC3,BRAF,-2.823,0.005321
Bevacizumab,HCT116,BRAF,0.24,0.066632
Bevacizumab,SW480,BRAF,-1.542,0.11007
Bevacizumab,PANC1,BRAF,1.454,0.10651
Bevacizumab,U87MG,BRAF,0.641,0.077682
Bevacizumab,HeLa,MDM2,-1.79,0.044208
Bevacizumab,MCF7,MDM2,1.379,0.123152
Bevacizumab,A549,MDM2,2.089,0.109633
Bevacizumab,PC3,MDM2,-0.375,0.161354
Bevacizumab,HCT116,MDM2,-0.201,0.062377
Bevacizumab,SW480,MDM2,1.216,0.094118
Bevacizumab,PANC1,MDM2,1.957,0.097144
Bevacizumab,U87MG,MDM2,-2.494,0.082934
Bevacizumab,HeLa,CDKN2A,-1.636,0.063981
Bevacizumab,MCF7,CDKN2A,-0.616,0.02648
Bevacizumab,A549,CDKN2A,-0.462,0.029391
Bevacizumab,PC3,CDKN2A,1.169,0.004929
Bevacizumab,HCT116,CDKN2A,1.965,0.047151
Bevacizumab,SW480,CDKN2A,2.094,0.010156
Bevacizumab,PANC1,CDKN2A,-2.525,0.080902
Bevacizumab,U87MG,CDKN2A,-1.209,0.098041
Bevacizumab,HeLa,ATM,-1.852,0.139076
Bevacizumab,MCF7,ATM,-0.889,0.078358
Bevacizumab,A549,ATM,-1.214,0.078662
Bevacizumab,PC3,ATM,0.636,0.00582
Bevacizumab,HCT116,ATM,0.819,0.067302
Bevacizumab,SW480,ATM,0.01,0.008747
Bevacizumab,PANC1,ATM,-0.133,0.032148
Bevacizumab,U87MG,ATM,-0.555,0.005146
Rituximab,HeLa,TP53,-0.388,0.054923
Rituximab,MCF7,TP53,2.398,0.11101
Rituximab,A549,TP53,1.045,0.100748
Rituximab,PC3,TP53,-0.501,0.152254
Rituximab,HCT116,TP53,-0.161,0.075715
Rituximab,SW480,TP53,0.672,0.061351
Rituximab,PANC1,TP53,-1.791,0.079328
Rituximab,U87MG,TP53,0.214,0.105067
Rituximab,HeLa,BRCA1,0.957,0.075073
Rituximab,MCF7,BRCA1,0.751,0.053812
Rituximab,A549,BRCA1,-1.182,0.010114
Rituximab,PC3,BRCA1,-0.931,0.058844
Rituximab,HCT116,BRCA1,-2.969,0.061166
Rituximab,SW480,BRCA1,1.122,0.023549
Rituximab,PANC1,BRCA1,3.111,0.049364
Rituximab,U87MG,BRCA1,-1.379,0.063091
Rituximab,HeLa,BRCA2,1.651,0.091612
Rituximab,MCF7,BRCA2,2.938,0.021762
Rituximab,A549,BRCA2,-0.698,0.084954
Rituximab,PC3,BRCA2,-0.159,0.106289
Rituximab,HCT116,BRCA2,0.381,0.100619
Rituximab,SW480,BRCA2,0.702,0.154579
Rituximab,PANC1,BRCA2,0.462,0.023929
Rituximab,U87MG,BRCA2,-0.587,0.144098
Rituximab,HeLa,MYC,0.932,0.16069
Rituximab,MCF7,MYC,-0.554,0.027895
Rituximab,A549,MYC,0.566,0.088401
Rituximab,PC3,MYC,-0.044,0.171632
Rituximab,HCT116,MYC,-2.66,0.033245
Rituximab,SW480,MYC,1.893,0.02889
Rituximab,PANC1,MYC,-0.893,0.088056
Rituximab,U87MG,MYC,2.062,0.066325
Rituximab,HeLa,EGFR,1.584,0.146448
Rituximab,MCF7,EGFR,0.335,0.07771
Rituximab,A549,EGFR,0.782,0.100733
Rituximab,PC3,EGFR,0.968,0.161637
Rituximab,HCT116,EGFR,-0.296,0.162843
Rituximab,SW480,EGFR,-0.227,0.085182
Rituximab,PANC1,EGFR,0.89,0.107787
Rituximab,U87MG,EGFR,-4.411,0.05455
Rituximab,HeLa,CCND1,-0.028,0.137238
Rituximab,MCF7,CCND1,-0.583,0.131315
Rituximab,A549,CCND1,-1.159,0.049343
Rituximab,PC3,CCND1,0.611,0.065313
Rituximab,HCT116,CCND1,-0.94,0.036473
Rituximab,SW480,CCND1,1.294,0.15189
Rituximab,PANC1,CCND1,1.43,0.045989
Rituximab,U87MG,CCND1,0.77,0.003375
Rituximab,HeLa,RB1,1.088,0.122538
Rituximab,MCF7,RB1,0.774,0.025782
Rituximab,A549,RB1,1.201,0.106683
Rituximab,PC3,RB1,1.131,0.125677
Rituximab,HCT116,RB1,0.527,0.017061
Rituximab,SW480,RB1,1.605,0.072858
Rituximab,PANC1,RB1,-0.245,0.078804
Rituximab,U87MG,RB1,-1.117,0.011609
Rituximab,HeLa,PTEN,-1.189,0.13106
Rituximab,MCF7,PTEN,-0.462,0.175577
Rituximab,A549,PTEN,-2.84,0.00889
Rituximab,PC3,PTEN,0.32,0.095473
Rituximab,HCT116,PTEN,0.989,0.009255
Rituximab,SW480,PTEN,1.406,0.012018
Rituximab,PANC1,PTEN,-2.411,0.029017
Rituximab,U87MG,PTEN,-1.144,0.0465
Rituximab,HeLa,AKT1,1.244,0.052042
Rituximab,MCF7,AKT1,-0.291,0.091354
Rituximab,A549,AKT1,0.953,0.165955
Rituximab,PC3,AKT1,-1.859,0.085079
Rituximab,HCT116,AKT1,2.041,0.017147
Rituximab,SW480,AKT1,-1.963,0.12198
Rituximab,PANC1,AKT1,-4.529,0.032374
Rituximab,U87MG,AKT1,0.276,0.119802
Rituximab,HeLa,PIK3CA,0.314,0.046672
Rituximab,MCF7,PIK3CA,-0.737,0.126195
Rituximab,A549,PIK3CA,0.715,0.098264
Rituximab,PC3,PIK3CA,0.758,0.091835
Rituximab,HCT116,PIK3CA,0.589,0.04983
Rituximab,SW480,PIK3CA,-0.763,0.087647
Rituximab,PANC1,PIK3CA,-1.042,0.105227
Rituximab,U87MG,PIK3CA,-0.614,0.010652
Rituximab,HeLa,KRAS,-1.234,0.000824
Rituximab,MCF7,KRAS,1.682,0.07508
Rituximab,A549,KRAS,-0.492,0.154805
Rituximab,PC3,KRAS,0.233,0.001695
Rituximab,HCT116,KRAS,1.238,0.051277
Rituximab,SW480,KRAS,-1.301,0.016849
Rituximab,PANC1,KRAS,-2.019,0.114208
Rituximab,U87MG,KRAS,-1.229,0.050899
Rituximab,HeLa,BRAF,0.394,0.081827
Rituximab,MCF7,BRAF,0.29,0.173619
Rituximab,A549,BRAF,0.586,0.01701
Rituximab,PC3,BRAF,-0.155,0.134305
Rituximab,HCT116,BRAF,-3.658,0.052627
Rituximab,SW480,BRAF,-0.201,0.136521
Rituximab,PANC1,BRAF,1.448,0.14847
Rituximab,U87MG,BRAF,1.854,0.10722
Rituximab,HeLa,MDM2,0.133,0.059029
Rituximab,MCF7,MDM2,0.296,0.020927
Rituximab,A549,MDM2,0.924,0.009024
Rituximab,PC3,MDM2,1.806,0.051659
Rituximab,HCT116,MDM2,0.001,0.087102
Rituximab,SW480,MDM2,0.902,0.078796
Rituximab,PANC1,MDM2,-0.826,0.064737
Rituximab,U87MG,MDM2,-1.831,0.008073
Rituximab,HeLa,CDKN2A,-0.68,0.146707
Rituximab,MCF7,CDKN2A,2.179,0.110882
Rituximab,A549,CDKN2A,0.933,0.0808
Rituximab,PC3,CDKN2A,-1.708,0.128006
Rituximab,HCT116,CDKN2A,1.006,0.10232
Rituximab,SW480,CDKN2A,-1.608,0.044391
Rituximab,PANC1,CDKN2A,0.565,0.134613
Rituximab,U87MG,CDKN2A,-1.353,0.049995
Rituximab,HeLa,ATM,-1.784,0.102128
Rituximab,MCF7,ATM,2.464,0.02462
Rituximab,A549,ATM,-0.493,0.068338
Rituximab,PC3,ATM,0.905,0.010742
Rituximab,HCT116,ATM,0.061,0.053718
Rituximab,SW480,ATM,-1.503,0.12703
Rituximab,PANC1,ATM,-0.343,0.093644
Rituximab,U87MG,ATM,-1.492,0.062015
Insulin,HeLa,TP53,3.619,0.001252
Insulin,MCF7,TP53,1.177,0.075776
Insulin,A549,TP53,0.034,0.135099
Insulin,PC3,TP53,0.821,0.05478
Insulin,HCT116,TP53,1.073,0.086755
Insulin,SW480,TP53,1.077,0.161577
Insulin,PANC1,TP53,1.009,0.020897
Insulin,U87MG,TP53,0.888,0.046202
Insulin,HeLa,BRCA1,0.153,0.068553
Insulin,MCF7,BRCA1,2.324,0.047103
Insulin,A549,BRCA1,0.247,0.16286
Insulin,PC3,BRCA1,0.076,0.005626
Insulin,HCT116,BRCA1,0.26,0.149793
Insulin,SW480,BRCA1,0.366,0.086746
Insulin,PANC1,BRCA1,-2.401,0.008666
Insulin,U87MG,BRCA1,-1.243,0.037189
Insulin,HeLa,BRCA2,-0.155,0.146031
Insulin,MCF7,BRCA2,-2.465,0.05771
Insulin,A549,BRCA2,0.031,0.191625
Insulin,PC3,BRCA2,0.346,0.015157
Insulin,HCT116,BRCA2,-1.89,0.027882
Insulin,SW480,BRCA2,-0.925,0.024727
Insulin,PANC1,BRCA2,1.922,0.080375
Insulin,U87MG,BRCA2,0.837,0.026197
Insulin,HeLa,MYC,0.747,0.068889
Insulin,MCF7,MYC,1.71,0.09817
Insulin,A549,MYC,-1.216,0.147854
Insulin,PC3,MYC,-1.886,0.04106
Insulin,HCT116,MYC,1.481,0.108227
Insulin,SW480,MYC,-0.114,0.013135
Insulin,PANC1,MYC,-1.253,0.022165
Insulin,U87MG,MYC,3.134,0.095529
Insulin,HeLa,EGFR,-2.411,0.061797
Insulin,MCF7,EGFR,0.277,0.130204
Insulin,A549,EGFR,-0.285,0.154216
Insulin,PC3,EGFR,-0.536,0.08454
Insulin,HCT116,EGFR,-3.318,0.004568
Insulin,SW480,EGFR,2.3,0.021477
Insulin,PANC1,EGFR,-2.136,0.007205
Insulin,U87MG,EGFR,-0.4,0.158078
Insulin,HeLa,CCND1,-0.644,0.172368
Insulin,MCF7,CCND1,0.883,0.034512
Insulin,A549,CCND1,-2.397,0.054224
Insulin,PC3,CCND1,0.693,0.105906
Insulin,HCT116,CCND1,0.285,0.187319
Insulin,SW480,CCND1,-0.993,0.032662
Insulin,PANC1,CCND1,0.639,0.136199
Insulin,U87MG,CCND1,0.029,0.03302
Insulin,HeLa,RB1,2.707,0.028473
Insulin,MCF7,RB1,-0.286,0.122596
Insulin,A549,RB1,-1.435,0.08741
Insulin,PC3,RB1,0.709,0.137031
Insulin,HCT116,RB1,-0.47,0.002588
Insulin,SW480,RB1,-0.001,0.072037
Insulin,PANC1,RB1,-1.876,0.045502
Insulin,U87MG,RB1,0.907,0.145131
Insulin,HeLa,PTEN,-0.705,0.076575
Insulin,MCF7,PTEN,0.399,0.006371
Insulin,A549,PTEN,3.15,0.012194
Insulin,PC3,PTEN,-0.371,0.055021
Insulin,HCT116,PTEN,1.116,0.163176
Insulin,SW480,PTEN,-0.272,0.009505
Insulin,PANC1,PTEN,-0.974,0.066772
Insulin,U87MG,PTEN,1.982,0.103183
Insulin,HeLa,AKT1,-2.8,0.087067
Insulin,MCF7,AKT1,1.511,0.03863
Insulin,A549,AKT1,-2.955,0.069413
Insulin,PC3,AKT1,1.339,0.038377
Insulin,HCT116,AKT1,0.021,0.044796
Insulin,SW480,AKT1,-1.431,0.006744
Insulin,PANC1,AKT1,-0.611,0.171567
Insulin,U87MG,AKT1,1.029,0.097513
Insulin,HeLa,PIK3CA,2.965,0.054575
Insulin,MCF7,PIK3CA,-2.346,0.094934
Insulin,A549,PIK3CA,-1.348,0.140329
Insulin,PC3,PIK3CA,-1.995,0.128892
Insulin,HCT116,PIK3CA,-0.284,0.149199
Insulin,SW480,PIK3CA,1.382,0.074602
Insulin,PANC1,PIK3CA,-2.177,0.077316
Insulin,U87MG,PIK3CA,-0.018,0.037931
Insulin,HeLa,KRAS,1.33,0.033224
Insulin,MCF7,KRAS,-0.631,0.01363
Insulin,A549,KRAS,-3.906,0.060885
Insulin,PC3,KRAS,0.298,0.15934
Insulin,HCT116,KRAS,1.854,0.108644
Insulin,SW480,KRAS,-1.607,0.097531
Insulin,PANC1,KRAS,-2.668,0.049072
Insulin,U87MG,KRAS,0.479,0.007826
Insulin,HeLa,BRAF,0.522,0.000919
Insulin,MCF7,BRAF,-0.731,0.074086
Insulin,A549,BRAF,-1.014,0.163077
Insulin,PC3,BRAF,0.051,0.045622
Insulin,HCT116,BRAF,-1.631,0.034627
Insulin,SW480,BRAF,-1.629,0.000956
Insulin,PANC1,BRAF,1.019,0.124402
Insulin,U87MG,BRAF,-1.723,0.123011
Insulin,HeLa,MDM2,-2.589,0.038507
Insulin,MCF7,MDM2,-1.016,0.119588
Insulin,A549,MDM2,-0.697,0.066478
Insulin,PC3,MDM2,0.693,0.160471
Insulin,HCT116,MDM2,-0.896,0.101538
Insulin,SW480,MDM2,2.134,0.087296
Insulin,PANC1,MDM2,0.128,0.139244
Insulin,U87MG,MDM2,-1.212,0.027644
Insulin,HeLa,CDKN2A,0.628,0.171364
Insulin,MCF7,CDKN2A,2.102,0.006266
Insulin,A549,CDKN2A,0.976,0.050647
Insulin,PC3,CDKN2A,-2.255,0.091523
Insulin,HCT116,CDKN2A,-0.576,0.093742
Insulin,SW480,CDKN2A,0.375,0.096128
Insulin,PANC1,CDKN2A,0.91,0.141549
Insulin,U87MG,CDKN2A,-0.275,0.1336
Insulin,HeLa,ATM,-0.481,0.170096
Insulin,MCF7,ATM,2.693,0.07924
Insulin,A549,ATM,0.999,0.046664
Insulin,PC3,ATM,0.632,0.145256
Insulin,HCT116,ATM,-0.837,0.058704
Insulin,SW480,ATM,-1.65,0.144048
Insulin,PANC1,ATM,0.659,0.130317
Insulin,U87MG,ATM,1.168,0.091755
Warfarin,HeLa,TP53,-0.008,0.07662
Warfarin,MCF7,TP53,1.003,0.028076
Warfarin,A549,TP53,1.043,0.064552
Warfarin,PC3,TP53,1.274,0.004788
Warfarin,HCT116,TP53,-2.277,0.089806
Warfarin,SW480,TP53,-0.536,0.149589
Warfarin,PANC1,TP53,0.751,0.009926
Warfarin,U87MG,TP53,0.075,0.100242
Warfarin,HeLa,BRCA1,1.048,0.030521
Warfarin,MCF7,BRCA1,0.631,0.144015
Warfarin,A549,BRCA1,-3.23,0.013148
Warfarin,PC3,BRCA1,1.646,0.127589
Warfarin,HCT116,BRCA1,-0.718,0.051971
Warfarin,SW480,BRCA1,-1.294,0.138297
Warfarin,PANC1,BRCA1,1.59,0.037909
Warfarin,U87MG,BRCA1,0.926,0.106788
Warfarin,HeLa,BRCA2,1.818,0.128574
Warfarin,MCF7,BRCA2,0.392,0.003205
Warfarin,A549,BRCA2,-0.554,0.100454
Warfarin,PC3,BRCA2,0.215,0.056235
Warfarin,HCT116,BRCA2,-1.544,0.093846
Warfarin,SW480,BRCA2,-2.029,0.04557
Warfarin,PANC1,BRCA2,-0.944,0.012397
Warfarin,U87MG,BRCA2,2.301,0.099189
Warfarin,HeLa,MYC,-0.804,0.119734
Warfarin,MCF7,MYC,-2.561,0.039639
Warfarin,A549,MYC,-0.234,0.181876
Warfarin,PC3,MYC,-0.822,0.111769
Warfarin,HCT116,MYC,1.676,0.029712
Warfarin,SW480,MYC,2.173,0.05496
Warfarin,PANC1,MYC,-0.62,0.050707
Warfarin,U87MG,MYC,0.39,0.05249
Warfarin,HeLa,EGFR,0.516,0.013242
Warfarin,MCF7,EGFR,-0.073,0.103005
Warfarin,A549,EGFR,-0.346,0.139664
Warfarin,PC3,EGFR,-1.386,0.109885
Warfarin,HCT116,EGFR,-2.769,0.044623
Warfarin,SW480,EGFR,-1.394,0.041636
Warfarin,PANC1,EGFR,-0.125,0.053348
Warfarin,U87MG,EGFR,-2.174,0.037955
Warfarin,HeLa,CCND1,0.311,0.115099
Warfarin,MCF7,CCND1,0.104,0.016047
Warfarin,A549,CCND1,-0.82,0.104438
Warfarin,PC3,CCND1,-0.407,0.11695
Warfarin,HCT116,CCND1,-1.949,0.002757
Warfarin,SW480,CCND1,1.245,0.154597
Warfarin,PANC1,CCND1,1.217,0.114041
Warfarin,U87MG,CCND1,-1.722,0.088662
Warfarin,HeLa,RB1,-1.684,0.087624
Warfarin,MCF7,RB1,-1.376,0.135181
Warfarin,A549,RB1,0.827,0.035854
Warfarin,PC3,RB1,0.511,0.10829
Warfarin,HCT116,RB1,1.571,0.061555
Warfarin,SW480,RB1,1.754,0.002923
Warfarin,PANC1,RB1,-2.297,0.057308
Warfarin,U87MG,RB1,0.771,0.167916
Warfarin,HeLa,PTEN,1.687,0.028125
Warfarin,MCF7,PTEN,-0.501,0.12401
Warfarin,A549,PTEN,-0.035,0.019323
Warfarin,PC3,PTEN,-0.262,0.143655
Warfarin,HCT116,PTEN,-0.197,0.050828
Warfarin,SW480,PTEN,1.239,0.07011
Warfarin,PANC1,PTEN,2.624,0.074195
Warfarin,U87MG,PTEN,2.072,0.032863
Warfarin,HeLa,AKT1,-0.754,0.035747
Warfarin,MCF7,AKT1,0.395,0.164511
Warfarin,A549,AKT1,-1.176,0.044565
Warfarin,PC3,AKT1,-1.036,0.041934
Warfarin,HCT116,AKT1,-0.101,0.144447
Warfarin,SW480,AKT1,-1.074,0.100827
Warfarin,PANC1,AKT1,-0.87,0.163848
Warfarin,U87MG,AKT1,0.359,0.158215
Warfarin,HeLa,PIK3CA,0.75,0.16423
Warfarin,MCF7,PIK3CA,0.708,0.096924
Warfarin,A549,PIK3CA,0.723,0.131607
Warfarin,PC3,PIK3CA,-1.856,0.10393
Warfarin,HCT116,PIK3CA,-1.145,0.06114
Warfarin,SW480,PIK3CA,0.057,0.182555
Warfarin,PANC1,PIK3CA,1.609,0.040467
Warfarin,U87MG,PIK3CA,3.546,0.032157
Warfarin,HeLa,KRAS,0.456,0.146192
Warfarin,MCF7,KRAS,1.082,0.075584
Warfarin,A549,KRAS,-2.008,0.095964
Warfarin,PC3,KRAS,1.039,0.071775
Warfarin,HCT116,KRAS,2.989,0.097743
Warfarin,SW480,KRAS,-1.15,0.01121
Warfarin,PANC1,KRAS,-0.824,0.077557
Warfarin,U87MG,KRAS,1.289,0.004255
Warfarin,HeLa,BRAF,0.038,0.012105
Warfarin,MCF7,BRAF,-2.88,0.053242
Warfarin,A549,BRAF,-0.74,0.115831
Warfarin,PC3,BRAF,2.165,0.034498
Warfarin,HCT116,BRAF,-0.418,0.014022
Warfarin,SW480,BRAF,-0.42,0.035396
Warfarin,PANC1,BRAF,1.186,0.13209
Warfarin,U87MG,BRAF,0.51,0.126133
Warfarin,HeLa,MDM2,-0.497,0.05767
Warfarin,MCF7,MDM2,-0.918,0.043286
Warfarin,A549,MDM2,4.424,0.021046
Warfarin,PC3,MDM2,1.867,0.050074
Warfarin,HCT116,MDM2,0.723,0.055052
Warfarin,SW480,MDM2,0.821,0.158829
Warfarin,PANC1,MDM2,-0.188,0.069377
Warfarin,U87MG,MDM2,0.492,0.093625
Warfarin,HeLa,CDKN2A,-0.345,0.104992
Warfarin,MCF7,CDKN2A,-1.277,0.08046
Warfarin,A549,CDKN2A,0.551,0.123742
Warfarin,PC3,CDKN2A,-0.47,0.155122
Warfarin,HCT116,CDKN2A,0.63,0.07949
Warfarin,SW480,CDKN2A,0.91,0.104658
Warfarin,PANC1,CDKN2A,0.71,0.032503
Warfarin,U87MG,CDKN2A,-1.39,0.108171
Warfarin,HeLa,ATM,-0.626,0.030497
Warfarin,MCF7,ATM,-0.443,0.001298
Warfarin,A549,ATM,1.464,0.079239
Warfarin,PC3,ATM,1.378,0.025813
Warfarin,HCT116,ATM,-1.064,0.018223
Warfarin,SW480,ATM,-1.888,0.031583
Warfarin,PANC1,ATM,3.64,0.020806
Warfarin,U87MG,ATM,0.649,0.011191
Simvastatin,HeLa,TP53,-2.066,0.029915
Simvastatin,MCF7,TP53,-0.847,0.165986
Simvastatin,A549,TP53,1.532,0.063212
Simvastatin,PC3,TP53,3.133,0.043074
Simvastatin,HCT116,TP53,2.806,0.077536
Simvastatin,SW480,TP53,0.584,0.031879
Simvastatin,PANC1,TP53,-3.954,0.064017
Simvastatin,U87MG,TP53,0.005,0.12655
Simvastatin,HeLa,BRCA1,-1.521,0.091951
Simvastatin,MCF7,BRCA1,0.129,0.023823
Simvastatin,A549,BRCA1,-1.343,0.108913
Simvastatin,PC3,BRCA1,-0.612,0.037926
Simvastatin,HCT116,BRCA1,1.288,0.033076
Simvastatin,SW480,BRCA1,-0.352,0.096307
Simvastatin,PANC1,BRCA1,-0.45,0.147341
Simvastatin,U87MG,BRCA1,-0.075,0.014563
Simvastatin,HeLa,BRCA2,3.931,0.046768
Simvastatin,MCF7,BRCA2,-1.668,0.101199
Simvastatin,A549,BRCA2,0.421,0.156113
Simvastatin,PC3,BRCA2,2.638,0.095044
Simvastatin,HCT116,BRCA2,-0.08,0.066533
Simvastatin,SW480,BRCA2,1.835,0.11197
Simvastatin,PANC1,BRCA2,-1.979,0.116954
Simvastatin,U87MG,BRCA2,-0.304,0.168025
Simvastatin,HeLa,MYC,-1.2,0.063167
Simvastatin,MCF7,MYC,-0.095,0.158451
Simvastatin,A549,MYC,-0.064,0.01418
Simvastatin,PC3,MYC,0.087,0.173148
Simvastatin,HCT116,MYC,1.273,0.154214
Simvastatin,SW480,MYC,-3.37,0.006564
Simvastatin,PANC1,MYC,-0.91,0.064693
Simvastatin,U87MG,MYC,0.317,0.152797
Simvastatin,HeLa,EGFR,-2.815,0.024624
Simvastatin,MCF7,EGFR,0.93,0.06023
Simvastatin,A549,EGFR,-0.937,0.063375
Simvastatin,PC3,EGFR,-0.277,0.089248
Simvastatin,HCT116,EGFR,1.346,0.111463
Simvastatin,SW480,EGFR,1.912,0.001849
Simvastatin,PANC1,EGFR,0.977,0.082097
Simvastatin,U87MG,EGFR,-1.707,0.001496
Simvastatin,HeLa,CCND1,0.898,0.094308
Simvastatin,MCF7,CCND1,1.003,0.011944
Simvastatin,A549,CCND1,0.686,0.139423
Simvastatin,PC3,CCND1,2.184,0.097979
Simvastatin,HCT116,CCND1,0.126,0.028343
Simvastatin,SW480,CCND1,2.116,0.08901
Simvastatin,PANC1,CCND1,2.105,0.023083
Simvastatin,U87MG,CCND1,1.047,0.033134
Simvastatin,HeLa,RB1,0.445,0.168802
Simvastatin,MCF7,RB1,0.695,0.135089
Simvastatin,A549,RB1,2.55,0.10534
Simvastatin,PC3,RB1,1.607,0.086304
Simvastatin,HCT116,RB1,-1.549,0.071692
Simvastatin,SW480,RB1,0.597,0.129852
Simvastatin,PANC1,RB1,-1.271,0.050543
Simvastatin,U87MG,RB1,-0.978,0.041381
Simvastatin,HeLa,PTEN,-0.556,0.165506
Simvastatin,MCF7,PTEN,-2.108,0.067529
Simvastatin,A549,PTEN,-1.362,0.128696
Simvastatin,PC3,PTEN,2.279,0.084023
Simvastatin,HCT116,PTEN,-0.987,0.116869
Simvastatin,SW480,PTEN,1.282,0.042566
Simvastatin,PANC1,PTEN,0.258,0.062873
Simvastatin,U87MG,PTEN,0.83,0.047379
Simvastatin,HeLa,AKT1,0.896,0.038143
Simvastatin,MCF7,AKT1,-1.423,0.092275
Simvastatin,A549,AKT1,1.272,0.129957
Simvastatin,PC3,AKT1,-1.849,0.109733
Simvastatin,HCT116,AKT1,-1.045,0.01548
Simvastatin,SW480,AKT1,0.873,0.120522
Simvastatin,PANC1,AKT1,-1.513,0.005456
Simvastatin,U87MG,AKT1,-2.944,0.027853
Simvastatin,HeLa,PIK3CA,0.524,0.008022
Simvastatin,MCF7,PIK3CA,-2.347,0.08349
Simvastatin,A549,PIK3CA,1.019,0.148766
Simvastatin,PC3,PIK3CA,-0.453,0.060968
Simvastatin,HCT116,PIK3CA,0.503,0.046488
Simvastatin,SW480,PIK3CA,0.474,0.10698
Simvastatin,PANC1,PIK3CA,1.135,0.140552
Simvastatin,U87MG,PIK3CA,0.919,0.170199
Simvastatin,HeLa,KRAS,-1.525,0.00413
Simvastatin,MCF7,KRAS,-0.366,0.068465
Simvastatin,A549,KRAS,0.501,0.058175
Simvastatin,PC3,KRAS,2.147,0.086138
Simvastatin,HCT116,KRAS,0.933,0.129901
Simvastatin,SW480,KRAS,1.993,0.005958
Simvastatin,PANC1,KRAS,0.58,0.102615
Simvastatin,U87MG,KRAS,1.636,0.092491
Simvastatin,HeLa,BRAF,0.374,0.109632
Simvastatin,MCF7,BRAF,1.568,0.148446
Simvastatin,A549,BRAF,-0.527,0.129815
Simvastatin,PC3,BRAF,2.345,0.049018
Simvastatin,HCT116,BRAF,0.75,0.163429
Simvastatin,SW480,BRAF,-2.099,0.123468
Simvastatin,PANC1,BRAF,0.551,0.039311
Simvastatin,U87MG,BRAF,-3.15,0.098768
Simvastatin,HeLa,MDM2,0.938,0.101168
Simvastatin,MCF7,MDM2,1.328,0.009148
Simvastatin,A549,MDM2,2.931,0.072125
Simvastatin,PC3,MDM2,-0.759,0.066117
Simvastatin,HCT116,MDM2,2.944,0.073914
Simvastatin,SW480,MDM2,0.006,0.129964
Simvastatin,PANC1,MDM2,-1.114,0.104823
Simvastatin,U87MG,MDM2,-0.728,0.106254
Simvastatin,HeLa,CDKN2A,0.844,0.079208
Simvastatin,MCF7,CDKN2A,-1.32,0.105614
Simvastatin,A549,CDKN2A,-0.503,0.004423
Simvastatin,PC3,CDKN2A,0.514,0.143221
Simvastatin,HCT116,CDKN2A,2.331,0.105206
Simvastatin,SW480,CDKN2A,1.281,0.127811
Simvastatin,PANC1,CDKN2A,0.065,0.097185
Simvastatin,U87MG,CDKN2A,0.837,0.070129
Simvastatin,HeLa,ATM,0.362,0.052875
Simvastatin,MCF7,ATM,-1.727,0.133417
Simvastatin,A549,ATM,2.633,0.041451
Simvastatin,PC3,ATM,2.36,0.007063
Simvastatin,HCT116,ATM,-0.111,0.017512
Simvastatin,SW480,ATM,-0.677,0.108564
Simvastatin,PANC1,ATM,-1.696,0.125865
Simvastatin,U87MG,ATM,0.934,0.15083
Atorvastatin,HeLa,TP53,0.944,0.049252
Atorvastatin,MCF7,TP53,-1.206,0.1297
Atorvastatin,A549,TP53,0.38,0.182873
Atorvastatin,PC3,TP53,1.231,0.075121
Atorvastatin,HCT116,TP53,-0.775,0.170913
Atorvastatin,SW480,TP53,-0.295,0.155865
Atorvastatin,PANC1,TP53,-0.309,0.014388
Atorvastatin,U87MG,TP53,-1.12,0.035252
Atorvastatin,HeLa,BRCA1,-0.265,0.052134
Atorvastatin,MCF7,BRCA1,-2.323,0.013254
Atorvastatin,A549,BRCA1,-0.384,0.182675
Atorvastatin,PC3,BRCA1,-0.362,0.143284
Atorvastatin,HCT116,BRCA1,-0.093,0.055559
Atorvastatin,SW480,BRCA1,0.719,0.141466
Atorvastatin,PANC1,BRCA1,-1.805,0.033619
Atorvastatin,U87MG,BRCA1,-1.563,0.020102
Atorvastatin,HeLa,BRCA2,-1.155,0.110154
Atorvastatin,MCF7,BRCA2,-1.944,0.009266
Atorvastatin,A549,BRCA2,0.893,0.025919
Atorvastatin,PC3,BRCA2,-0.836,0.059931
Atorvastatin,HCT116,BRCA2,-0.047,0.06072
Atorvastatin,SW480,BRCA2,-1.273,0.090085
Atorvastatin,PANC1,BRCA2,-0.539,0.106499
Atorvastatin,U87MG,BRCA2,0.452,0.094254
Atorvastatin,HeLa,MYC,0.525,0.050799
Atorvastatin,MCF7,MYC,-1.506,0.074445
Atorvastatin,A549,MYC,-0.121,0.060787
Atorvastatin,PC3,MYC,-1.25,0.131734
Atorvastatin,HCT116,MYC,-0.175,0.089643
Atorvastatin,SW480,MYC,-0.953,0.123117
Atorvastatin,PANC1,MYC,2.749,0.087183
Atorvastatin,U87MG,MYC,1.221,0.138857
Atorvastatin,HeLa,EGFR,0.591,0.152286
Atorvastatin,MCF7,EGFR,-2.892,0.106344
Atorvastatin,A549,EGFR,-0.418,0.037172
Atorvastatin,PC3,EGFR,1.268,0.078432
Atorvastatin,HCT116,EGFR,-0.079,0.095931
Atorvastatin,SW480,EGFR,2.556,0.099177
Atorvastatin,PANC1,EGFR,1.427,0.06324
Atorvastatin,U87MG,EGFR,-0.55,0.060485
Atorvastatin,HeLa,CCND1,2.344,0.016294
Atorvastatin,MCF7,CCND1,-0.411,0.037451
Atorvastatin,A549,CCND1,2.856,0.053451
Atorvastatin,PC3,CCND1,2.439,0.078846
Atorvastatin,HCT116,CCND1,0.443,0.069737
Atorvastatin,SW480,CCND1,-2.275,0.08438
Atorvastatin,PANC1,CCND1,0.325,0.035899
Atorvastatin,U87MG,CCND1,-1.646,0.041584
Atorvastatin,HeLa,RB1,-0.912,0.141198
Atorvastatin,MCF7,RB1,-0.809,0.05037
Atorvastatin,A549,RB1,-1.657,0.055506
Atorvastatin,PC3,RB1,0.331,0.151293
Atorvastatin,HCT116,RB1,-1.077,0.092537
Atorvastatin,SW480,RB1,-0.346,0.159819
Atorvastatin,PANC1,RB1,-0.797,0.117684
Atorvastatin,U87MG,RB1,0.726,0.039668
Atorvastatin,HeLa,PTEN,0.613,0.045714
Atorvastatin,MCF7,PTEN,-0.462,0.049442
Atorvastatin,A549,PTEN,0.802,0.131011
Atorvastatin,PC3,PTEN,1.843,0.022038
Atorvastatin,HCT116,PTEN,-3.131,0.009813
Atorvastatin,SW480,PTEN,-0.877,0.084026
Atorvastatin,PANC1,PTEN,-1.405,0.037515
Atorvastatin,U87MG,PTEN,-1.002,0.152645
Atorvastatin,HeLa,AKT1,-3.357,0.070513
Atorvastatin,MCF7,AKT1,-3.181,0.015587
Atorvastatin,A549,AKT1,-4.121,0.040799
Atorvastatin,PC3,AKT1,-0.75,0.175935
Atorvastatin,HCT116,AKT1,-0.789,0.144757
Atorvastatin,SW480,AKT1,2.083,0.023319
Atorvastatin,PANC1,AKT1,0.212,0.119227
Atorvastatin,U87MG,AKT1,-3.196,0.08904
Atorvastatin,HeLa,PIK3CA,0.762,0.009657
Atorvastatin,MCF7,PIK3CA,5.0,0.001589
Atorvastatin,A549,PIK3CA,-3.126,0.083967
Atorvastatin,PC3,PIK3CA,2.587,0.019326
Atorvastatin,HCT116,PIK3CA,-0.068,0.047731
Atorvastatin,SW480,PIK3CA,-0.636,0.009766
Atorvastatin,PANC1,PIK3CA,-0.855,0.105363
Atorvastatin,U87MG,PIK3CA,0.494,0.052427
Atorvastatin,HeLa,KRAS,-0.624,0.144457
Atorvastatin,MCF7,KRAS,-1.695,0.057593
Atorvastatin,A549,KRAS,-0.803,0.134895
Atorvastatin,PC3,KRAS,0.538,0.044007
Atorvastatin,HCT116,KRAS,1.028,0.155315
Atorvastatin,SW480,KRAS,2.773,0.043437
Atorvastatin,PANC1,KRAS,0.147,0.151619
Atorvastatin,U87MG,KRAS,1.944,0.032831
Atorvastatin,HeLa,BRAF,-0.292,0.18335
Atorvastatin,MCF7,BRAF,-0.096,0.131843
Atorvastatin,A549,BRAF,-0.174,0.119259
Atorvastatin,PC3,BRAF,0.322,0.129012
Atorvastatin,HCT116,BRAF,1.304,0.149959
Atorvastatin,SW480,BRAF,-0.683,0.157725
Atorvastatin,PANC1,BRAF,-1.334,0.044868
Atorvastatin,U87MG,BRAF,1.433,0.148526
Atorvastatin,HeLa,MDM2,1.314,0.156395
Atorvastatin,MCF7,MDM2,2.209,0.040775
Atorvastatin,A549,MDM2,-0.906,0.076199
Atorvastatin,PC3,MDM2,-0.344,0.050032
Atorvastatin,HCT116,MDM2,1.495,0.142397
Atorvastatin,SW480,MDM2,-0.7,0.033711
Atorvastatin,PANC1,MDM2,0.961,0.011255
Atorvastatin,U87MG,MDM2,-0.286,0.018494
Atorvastatin,HeLa,CDKN2A,0.486,0.028537
Atorvastatin,MCF7,CDKN2A,-1.722,0.140308
Atorvastatin,A549,CDKN2A,0.128,0.049061
Atorvastatin,PC3,CDKN2A,-4.487,0.026723
Atorvastatin,HCT116,CDKN2A,1.809,0.107309
Atorvastatin,SW480,CDKN2A,1.166,0.094357
Atorvastatin,PANC1,CDKN2A,-1.423,0.062614
Atorvastatin,U87MG,CDKN2A,2.621,0.102791
Atorvastatin,HeLa,ATM,1.703,0.04005
Atorvastatin,MCF7,ATM,-1.659,0.028595
Atorvastatin,A549,ATM,-0.793,0.075572
Atorvastatin,PC3,ATM,-1.585,0.124175
Atorvastatin,HCT116,ATM,0.529,0.097728
Atorvastatin,SW480,ATM,-0.856,0.050321
Atorvastatin,PANC1,ATM,-2.868,0.064722
Atorvastatin,U87MG,ATM,-0.103,0.085896
Lisinopril,HeLa,TP53,1.367,0.054258
Lisinopril,MCF7,TP53,0.159,0.143139
Lisinopril,A549,TP53,0.815,0.142935
Lisinopril,PC3,TP53,0.3,0.108299
Lisinopril,HCT116,TP53,1.099,0.066352
Lisinopril,SW480,TP53,0.433,0.061457
Lisinopril,PANC1,TP53,-0.184,0.112384
Lisinopril,U87MG,TP53,0.14,0.091241
Lisinopril,HeLa,BRCA1,2.275,0.004743
Lisinopril,MCF7,BRCA1,0.903,0.112997
Lisinopril,A549,BRCA1,-1.428,0.02726
Lisinopril,PC3,BRCA1,0.116,0.111907
Lisinopril,HCT116,BRCA1,0.501,0.150782
Lisinopril,SW480,BRCA1,-0.233,0.189399
Lisinopril,PANC1,BRCA1,-2.862,0.005974
Lisinopril,U87MG,BRCA1,-1.291,0.009126
Lisinopril,HeLa,BRCA2,-0.62,0.041504
Lisinopril,MCF7,BRCA2,2.832,0.067374
Lisinopril,A549,BRCA2,0.729,0.064028
Lisinopril,PC3,BRCA2,-2.321,0.103656
Lisinopril,HCT116,BRCA2,-0.14,0.069222
Lisinopril,SW480,BRCA2,1.989,0.049874
Lisinopril,PANC1,BRCA2,-0.875,0.036636
Lisinopril,U87MG,BRCA2,1.558,0.013404
Lisinopril,HeLa,MYC,-2.279,0.106957
Lisinopril,MCF7,MYC,-4.248,0.014421
Lisinopril,A549,MYC,1.8,0.117399
Lisinopril,PC3,MYC,-0.695,0.068919
Lisinopril,HCT116,MYC,-2.805,0.102854
Lisinopril,SW480,MYC,-0.583,0.022315
Lisinopril,PANC1,MYC,0.286,0.101903
Lisinopril,U87MG,MYC,0.674,0.006691
Lisinopril,HeLa,EGFR,-3.732,0.013326
Lisinopril,MCF7,EGFR,-0.987,0.110831
Lisinopril,A549,EGFR,0.088,0.141208
Lisinopril,PC3,EGFR,0.67,0.013053
Lisinopril,HCT116,EGFR,-1.444,0.094539
Lisinopril,SW480,EGFR,-0.31,0.178448
Lisinopril,PANC1,EGFR,-0.88,0.061503
Lisinopril,U87MG,EGFR,0.336,0.104631
Lisinopril,HeLa,CCND1,1.739,0.117743
Lisinopril,MCF7,CCND1,-0.504,0.112848
Lisinopril,A549,CCND1,-2.058,0.014804
Lisinopril,PC3,CCND1,-1.064,0.059429
Lisinopril,HCT116,CCND1,2.602,0.077022
Lisinopril,SW480,CCND1,-1.285,0.011877
Lisinopril,PANC1,CCND1,-1.803,0.022914
Lisinopril,U87MG,CCND1,-0.594,0.149904
Lisinopril,HeLa,RB1,-0.14,0.0337
Lisinopril,MCF7,RB1,-0.794,0.153629
Lisinopril,A549,RB1,-2.272,0.064278
Lisinopril,PC3,RB1,0.482,0.135253
Lisinopril,HCT116,RB1,0.338,0.119504
Lisinopril,SW480,RB1,1.039,0.067733
Lisinopril,PANC1,RB1,0.303,0.129215
Lisinopril,U87MG,RB1,2.448,0.052479
Lisinopril,HeLa,PTEN,1.163,0.024533
Lisinopril,MCF7,PTEN,0.83,0.14462
Lisinopril,A549,PTEN,1.801,0.061811
Lisinopril,PC3,PTEN,0.211,0.073854
Lisinopril,HCT116,PTEN,-0.279,0.16146
Lisinopril,SW480,PTEN,0.465,0.09008
Lisinopril,PANC1,PTEN,-2.927,0.061168
Lisinopril,U87MG,PTEN,0.215,0.063452
Lisinopril,HeLa,AKT1,-0.142,0.142637
Lisinopril,MCF7,AKT1,0.629,0.062785
Lisinopril,A549,AKT1,1.563,0.142051
Lisinopril,PC3,AKT1,0.875,0.069348
Lisinopril,HCT116,AKT1,-1.06,0.164472
Lisinopril,SW480,AKT1,1.283,0.00487
Lisinopril,PANC1,AKT1,2.474,0.083322
Lisinopril,U87MG,AKT1,1.606,0.018544
Lisinopril,HeLa,PIK3CA,-1.94,0.042852
Lisinopril,MCF7,PIK3CA,0.859,0.094669
Lisinopril,A549,PIK3CA,-1.743,0.025253
Lisinopril,PC3,PIK3CA,-0.425,0.078488
Lisinopril,HCT116,PIK3CA,0.583,0.016085
Lisinopril,SW480,PIK3CA,0.377,0.074446
Lisinopril,PANC1,PIK3CA,1.573,0.025024
Lisinopril,U87MG,PIK3CA,2.483,0.028646
Lisinopril,HeLa,KRAS,0.737,0.163513
Lisinopril,MCF7,KRAS,-0.537,0.077245
Lisinopril,A549,KRAS,-2.864,0.003631
Lisinopril,PC3,KRAS,1.977,0.080028
Lisinopril,HCT116,KRAS,-0.134,0.115553
Lisinopril,SW480,KRAS,-0.056,0.079417
Lisinopril,PANC1,KRAS,0.062,0.055219
Lisinopril,U87MG,KRAS,0.665,0.127062
Lisinopril,HeLa,BRAF,0.71,0.066982
Lisinopril,MCF7,BRAF,-0.401,0.103331
Lisinopril,A549,BRAF,-0.149,0.162677
Lisinopril,PC3,BRAF,-0.904,0.137984
Lisinopril,HCT116,BRAF,-1.061,0.135852
Lisinopril,SW480,BRAF,-1.068,0.154332
Lisinopril,PANC1,BRAF,-0.166,0.066343
Lisinopril,U87MG,BRAF,-1.345,0.136766
Lisinopril,HeLa,MDM2,-4.36,0.020421
Lisinopril,MCF7,MDM2,-0.562,0.072366
Lisinopril,A549,MDM2,-1.856,0.080726
Lisinopril,PC3,MDM2,0.164,0.157046
Lisinopril,HCT116,MDM2,-0.91,0.026232
Lisinopril,SW480,MDM2,0.684,0.048418
Lisinopril,PANC1,MDM2,-1.732,0.098509
Lisinopril,U87MG,MDM2,-2.628,0.007117
Lisinopril,HeLa,CDKN2A,-0.145,0.136495
Lisinopril,MCF7,CDKN2A,-0.624,0.035551
Lisinopril,A549,CDKN2A,-1.976,0.121275
Lisinopril,PC3,CDKN2A,1.164,0.145859
Lisinopril,HCT116,CDKN2A,-1.503,0.062922
Lisinopril,SW480,CDKN2A,-1.129,0.040041
Lisinopril,PANC1,CDKN2A,1.463,0.103358
Lisinopril,U87MG,CDKN2A,0.773,0.144621
Lisinopril,HeLa,ATM,-1.656,0.108689
Lisinopril,MCF7,ATM,-0.496,0.06696
Lisinopril,A549,ATM,-1.795,0.012234
Lisinopril,PC3,ATM,1.341,0.155943
Lisinopril,HCT116,ATM,1.339,0.136203
Lisinopril,SW480,ATM,2.744,0.032867
Lisinopril,PANC1,ATM,3.422,0.037471
Lisinopril,U87MG,ATM,-0.926,0.073311
